UserName,Handle,Timestamp,Text
Î¨∏ ÎèÑÏòÅ,@mundoyeong_,2020-07-28T13:13:21.000Z,"How Malaysia people show they stupid today is seriously 
 like never think about others. Our frontliner do they best to prevent this COVID-19 from spread but malaysia people really brave and stupid. Disappointed "
Aisyah Abdul,@IsyaRocher,2020-07-28T12:51:39.000Z,"With this, I might be taking a break from Twitter. I'll be on and off here checking covid status in Malaysia and maybe replying dms."
Zwan.rzf,@yourboymacha,2020-07-28T12:35:32.000Z,"Bruh, as a DS Najib supporters you guys should be thankful that he's gonna be Quarantine for 12 years and most probably might not get infected by CORONA, while we have a high chances of being in ""STATUS TERKINI COVID-19 MALAYSIA"" ...No hate tho"
Don 'unintentionally tweeting' Coyote,@MaisonGladys,2020-07-28T12:11:48.000Z,"Johnson lecturing on ""duty""

Johnson-Cummings idea of world-beating

UK Covid deaths 45,300

Germany 9,086

Sweden 5,619

Poland 1,624

Japan 985

Denmark 611

S Korea 296  

Greece 194

Malaysia 123

Australia 118

[FT 20.07.20] #wato"
Syed Sajid Hasan,@saiyidsajidshah,2020-07-28T12:05:49.000Z,Former PM of Malaysia mr Najib Razak has been sentenced for ten years .. signs of time .. the world after covid is about recovering from corruption
Êùé,@gnoyt2,2020-07-28T11:24:00.000Z,"wait so covid case in malaysia is increased? if my malaysian mutuals read this, take care of urs. i have family and rl friends there too."
malaysia was a mistake sukarno shouldve nuked us,@kuihsepotong,2020-07-28T11:12:17.000Z,"Breaking: Former PM of Malaysia, Najib Razak has tested positive for Covid-19"
lei ‚ô°‡ºÑ,@_blberrybunny,2020-07-28T10:26:21.000Z,Malaysia might start MCO again if covid cases become 3 digits 
Barry Chan Kong Heng,@barrychan889,2020-07-28T10:20:39.000Z,"Latest Status COVID-19 of Malaysia on July 28, 2020

Total Active Cases: 212 (New Cases: 39)

Total ICU Cases: 1 (Intubated: 1)

Total Recovered Cases: 8607 (New Recovered Cases: 6)

Total Deaths: 124 (New Deaths: 0)

Total Confirmed Cases: 8943"
nana‚±Ω ia,@fairyxuxi,2020-07-28T10:16:27.000Z,"Covid-19 cases in Malaysia increase again <//3. Wear your mask people 
 stay safe and take care :D"
‡Æ§‡ÆÆ‡Æø‡Æ¥‡Øç | ùï•Í™ñÍ™ë‚ÖàÍ™∂Í´Äùï´,@tamilez_R,2020-07-28T10:13:46.000Z,"Very, very Soon. 

""Malaysia hits 10'000 covid-19 cases, local number rising"" 

Mark my words."
herald. ‚ôî,@herald_eddy,2020-07-28T10:11:06.000Z,"With the current Covid pandemic getting worst everyday in Malaysia, in 2 weeks from now, more people will be affected by Covid, and only then will everyone be like ‚ÄòScArEd, WoRrIeD AnD AfRaId‚Äô. When that time arrives, it will already be too late."
‚ôï y/n,@5hdisaster,2020-07-28T09:54:57.000Z,The rising cases of Covid-19 in Malaysia is the perfect example of human who doesn‚Äôt give a fuck about anyone else but themselves and they‚Äôre of educated on Covid-19 or they simply don‚Äôt give a fuck.
Sparkly Fairy,@mira_zahrah,2020-07-28T09:28:40.000Z,It makes me scared seeing people in Malaysia act like Covid-19 is no longer around. We are living a new normal now. We need to follow the sop. At least we can go around without much restriction but we abused the freedom.
Don Samsa,@hangovermacha,2020-07-28T09:19:12.000Z,"One person detected positive Covid-19 at Duta Court Complex , booooom total Malaysia shutdown."
The Edge Malaysia,@theedgemalaysia,2020-07-28T09:07:03.000Z,"Flash: Covid-19: Malaysia records 39 new infections, pushing active cases to 212 ‚Äî highest since June 25"
Faiz,@mdfaiz_00,2020-07-28T08:57:11.000Z,"Hoping Covid-19 in Malaysia still remains controllable despite unwanted things happening 
 hope Malaysians follow the SOP 
 couldn't afford another PKP "
TheMalaysianInsight,@msianinsight,2020-07-28T08:45:04.000Z,"JUST IN: Malaysia's #Covid_19 death toll remains at 124.
* 6 discharged, total now is 8,607
* 39 new cases, total now is 8,943
* 212 active cases
* 1 in ICU, 1 on ventilator"
Zakai,@DatDumplingDrgn,2020-07-28T06:17:16.000Z,My country is having a natural selection of who gets covid 1st by having a mass gathering in the city center. This is the curse of a Resource Curse country (Paradox of Plenty). #malaysiandilemma #malaysia #resoursecurse #paradoxofplenty
„Éä„Ç∏„É•„Ç¢„Éá„Ç£„É§„Éä,@najwadiyana,2020-07-28T05:12:43.000Z,"If there‚Äôs a new Covid-19 cluster in Malaysia, and I couldn‚Äôt see my husband or my family this year. I‚Äôd be f pissed off."
Shae,@abe_shae,2020-07-28T04:47:18.000Z,Najib masuk jail. While his supporter push Malaysia to the 2nd wave of covid
Thanendran T,@mrthanen,2020-07-28T04:08:57.000Z,"Considering the crowds outside the courts today I just hope the the health DG doesn't report :

Cluster Najib.
#covidmalaysia #najibrazak  #courtcase"
PTI Achievements,@PTI_Achievement,2020-07-27T19:49:17.000Z,"Despite of world wide economic crisis due to COVID, still 91/204 countries registered growth in Exports from Pakistan. These countries in total contributed 27.35% of overall exports. UAE, KSA, Malaysia , Qatar, Hong Kong, Holland, Denmark & Kenya etc. were leading countries."
TheMalaysianInsight,@msianinsight,2020-07-26T08:53:15.000Z,"JUST IN: Malaysia reports another #Covid_19 death today, bringing total to 124.
* 6 discharged, total now is 8,600
* 13 new cases, total now is 8,897
* 173 active cases
* 2 in ICU, 1 on ventilator"
Tan Seng Giaw,@Senggiaw,2020-07-26T04:38:29.000Z,The determination of people in villages and new villages help Malaysia to control the Covid-19 pandemic. Lets hope that it will not resurge. Many residents migrate to towns. All residents must adapt to the digital world.
moonselene,@anz16260829,2020-07-26T04:34:25.000Z,It's scary to think that Covid cases in Malaysia are expected to rise again.
Nadhirah,@nadhharun,2020-07-26T04:04:49.000Z,"It‚Äôs sad that I couldn‚Äôt meet GOT7 in Malaysia due to COVID-19, but i really hope you guys will come again someday 
 #chatwithmark"
Tan Seng Giaw,@Senggiaw,2020-07-26T02:50:52.000Z,"Obesity causes problems. Nearly 2 billion adults in the world are obese. About 50% adults in Malaysia are overweight and over 20% obese. 
     Professor Susan Jebb, England, has found that obese patients have more than 40% chances of dying from Covid-19."
Malaysian Chinese LAST VOTE GE11,@bigbosscamelia,2020-07-26T02:28:49.000Z,"#asia #ÊóÖË°å #wanderlust #ÎåÄÎßå #photo #travelblogger #taipei101 Dear Novel Coronavirus COVID 19,pls infect & kill all Malaysians babies age 0-24month do not wear FACE MASKs/shields inside mall@Mid Valley Megamall,Lingkaran Syed Putra Kuala Lumpur,Malaysia!! #yummy #instafood"
Malaysian Chinese LAST VOTE GE11,@bigbosscamelia,2020-07-26T02:28:33.000Z,"Dear Novel Coronavirus COVID 19,pls infect & kill all Malaysians babies age 0-24month do not wear FACE MASKs/shields inside mall@Mid Valley Megamall,Lingkaran Syed Putra Kuala Lumpur,Malaysia!! #livewell #taipei #taiwan #Âè∞Âåó #travel #Âè∞Êπæ #Âè∞ÁÅ£ #travelgram #photography"
Malaysian Chinese LAST VOTE GE11,@bigbosscamelia,2020-07-26T02:08:57.000Z,"#malaysiatrulyasia Dear Novel Coronavirus COVID 19,pls infect & kill all Malaysians babies age 0-24month do not wear FACE MASKs/shields inside mall@Mid Valley Megamall,Lingkaran Syed Putra Kuala Lumpur,Malaysia!! #tourismmalaysia #travelgram #travelling #travellingram"
Malaysian Chinese LAST VOTE GE11,@bigbosscamelia,2020-07-26T02:08:42.000Z,"#malaysianfood #dessertstagram #coolingdown Karma Virus-10 Q novel coronavirus COVID 19 for exposing the WORLD's working poor people,year 2000 to 2020 #LittleIndia #Bugis #desserts #yum #icecream #travel #foodie #abc #icecream #malaysia #malaysianfood #dessertstagram #coolingdown"
Emily Khor,@emzkhor,2020-07-25T22:21:31.000Z,"Waiting for COVID to die down so that I can finally get someone from home to buy and bring me the Tefal rice cooker that I want that is only sold in the Singapore/Malaysia 
 I don‚Äôt trust these Western rice cooker brands lmao"
aripazmi,@arpzmi,2020-07-25T20:37:52.000Z,"Millions of people in Malaysia, there‚Äôs bound to be a few selfish fucks and it‚Äôll take only a few of them to make COVID-19 worse. There‚Äôs no hope because it‚Äôs humanly impossible to contain it because of human nature. The odds are against us."
Ved Nayak,@catcheronthesly,2020-07-25T19:42:58.000Z,"Today India entered club of 1000+/million Covid-19 cases. It's 1003/mil. Deaths 23/mil. 
Asian countries in comparison
Pak 1229/mil, deaths 26/mil. 
B'desh : 1342, 17
Nepal : 634, 2
Srilanka : 129, 0.5
Indonesia : 355, 17
Malaysia :  274, 4
AFG : 925, 32
Thailand : 47, 0.8"
IGC NEWS INTERNATIONL GH,@NewsIgc,2020-07-25T18:41:24.000Z,"UPDATE: New cases of #coronavirus #COVID19 #COVID_19 

Bangladesh (+2520, tot. 221178)
Philippines (+1968, tot. 78412)
Indonesia (+1868, tot. 97286)
Oman (+1067, tot. 74858)
Poland (+584, tot. 42622)
Malaysia (+23, tot. 8884)
Finland (+8, tot. 7388)"
The Phnom Penh Post,@phnompenhpost,2020-07-25T17:18:43.000Z,The Ministry of Health said Cambodia will temporarily ban all flights from Malaysia and Indonesia to curb the spread of Covid-19. The ban will be effective from August 1.
Marcus Osborne,@brandconsultant,2020-07-25T15:27:42.000Z,I hope those fucking fuckwits who  returned to #Malaysia & didn‚Äôt take their second #Covid_19 test & those fucking fuckwits who went out when they should have stayed at home for 2 weeks are happy the rest of us have to suffer. Muppets
Erwin Tang,@ErwinTangYH,2020-07-25T11:04:19.000Z,Glad that I was able to secure a job during the pandemic (hopefully not before a 2nd #Malaysia Covid-19 wave) after going through interviews with 11 companies. Some were pretty grueling. Working hours are 10 am - 6 pm so it's an hour less than the others which is great as well 
"SILENT
SHAN",@RoshanAbdullah3,2020-07-25T10:32:53.000Z,MALAYSIA POWER COVID 19
Azwan HM,@azwan_,2020-07-25T09:32:19.000Z,Consistently 2 digits Covid-19 cases in Malaysia over the past week. 
The Edge Malaysia,@theedgemalaysia,2020-07-25T09:28:03.000Z,"Flash: Malaysia records 23 new Covid-19 cases today, with 2 new clusters found"
Miss_Farah,@miss_fsr,2020-07-25T09:13:10.000Z,"Covid 19 cases development in Malaysia is really worrying. Please Malaysian wear ur mask, wash hands, follow SOP. For those under quarantine, please consider others and quarantine urself. We do not want mco again. It's effect on our people's economy is really bad."
TheMalaysianInsight,@msianinsight,2020-07-25T09:05:10.000Z,"JUST IN: Malaysia's #Covid_19 death toll remains at 123.
* 17 discharged, total now is 8,594
* 23 new cases, total now is 8,884
* 167 active cases 
* 3 in ICU, 2 on ventilators"
Oh Twenty20 Media,@Oht20media,2020-07-25T09:03:36.000Z,"UPDATES : MALAYSIA

       Total         25 July   24 July   23 July

Cases     8,884     23         21           9

Recover 8,594     17          3            8

Death       123      0           0            0

#COVID19Malaysia   
#CoronaVirusUpdate 
#COVID19updates
#Covid_19"
Oh Twenty20 Media,@Oht20media,2020-07-25T09:02:17.000Z,"Malaysia #COVID19 daily Cases :

25 July  23
24 July  21
23 July    9
22 July  16
21 July  15
20 July  21
19 July  15
18 July    9
17 July  18
16 July    3
15 July    5
14 July    4
Total Cases: 8,884

#COVID19malaysia
#Covid_19"
Diaspora Initiatives,@odi_india,2020-07-25T06:39:03.000Z,"Mr Sashidharan spoke of impact of #Covid_19 in #Malaysia. Many businesses were negatively impacted by the pandemic, were forced to close down. Tourism, construction industry were the largest hit. Gov has come up with many financial stimulus packages including interest free loan."
hanep,@HanifYangKekok,2020-07-25T06:22:32.000Z,"Like the covid second wave hitting in similar timeline w other countries. This is interesting

Its like the 1st wave is effective in stopping a certain aspect of the disease. Anything unknown will start the 2nd wave

Tapi malaysia ni yang bodoh tu returning citizens."
Yennefer,@yoo_ris,2020-07-25T05:56:03.000Z,"Finally decided to get braces either in PH or JB, Malaysia but COVID "
Corona Camelia,@coronacamelia1,2020-07-25T03:09:35.000Z,"Dear Novel Coronavirus COVID 19,pls infect & kill all Malaysians age 55-100 do not wear FACE MASKs/shields inside mall@Mid Valley Megamall,Lingkaran Syed Putra Kuala Lumpur,Malaysia!! #TehTarik #wanderer #adventure #Discoverselangor #hijab #jilboob #hijabcantik #Sharialaw"
Corona Camelia,@coronacamelia1,2020-07-25T03:09:24.000Z,"Dear Novel Coronavirus COVID 19,pls infect & kill all Malaysians age 55-100 do not wear FACE MASKs/shields inside mall@Mid Valley Megamall,Lingkaran Syed Putra Kuala Lumpur,Malaysia!! #instatravel #instagram #„Ç∑„É£„Ç§„Éã„Éº„Ç≤„Ç§ #„Ç§„É≥„Çπ„ÇøÂÜôÁúüÈÉ®, #beautiful #unicef #„Ç´„É°„É©Â•≥Â≠ê #swiss"
Corona Camelia,@coronacamelia1,2020-07-25T02:57:46.000Z,"Thank you Novel Coronavirus COVID 19,so kind to infect & kill all Malaysians children age 2-12 do not wear FACE MASKs/shields inside mall@Mydin Wholesale Hypermarket,Persiaran Subang Permai,Usj 1,Subang Jaya, Selangor! #multimasking #onlinecasino #ipoh #melaka #malacca #malaysia"
Tan Seng Giaw,@Senggiaw,2020-07-25T02:51:23.000Z,"When will Covid-19 disappear? Yesterday, Malaysia had 21new cases, 3 clusters, totalling 8,861 cases and 123 deaths. Some fear abuse of power in control order and operating procedures. People want health and safety."
Don 'unintentionally tweeting' Coyote,@MaisonGladys,2020-07-24T19:06:47.000Z,"Johnson-Cummings-Gove idea of world-beating

UK Covid deaths 45,300

Germany 9,086

Sweden 5,619

Poland 1,624

Japan 985

Denmark 611

S Korea 296  

Greece 194

Malaysia 123

Australia 118

#bbcaq 
[FT 20.07.20]"
Don 'unintentionally tweeting' Coyote,@MaisonGladys,2020-07-24T16:08:41.000Z,"Johnson-Cummings idea of world-beating ...

UK Covid deaths 45,300

Germany 9,086

Sweden 5,619

Poland 1,624

Japan 985

Denmark 611

S Korea 296  

Greece 194

Malaysia 123

Australia 118

 [FT 20.07.20]

 #bbcpm"
Barry Chan Kong Heng,@barrychan889,2020-07-24T14:36:53.000Z,"Latest Status COVID-19 of Malaysia on July 24, 2020

Total Active Cases: 161 (New Cases: 21)

Total ICU Cases: 5 (Intubated: 2)

Total Recovered Cases: 8577 (New Recovered Cases: 3)

Total Deaths: 123 (New Deaths: 0)

Total Confirmed Cases: 8861"
Shafika Farahin Razali,@pikanewsMPB,2020-07-24T14:14:38.000Z,"A majority of us, after enduring so much during the MCO are pretty much worried about the rising number of Covid-19 cases in malaysia.The uncertainty of our financial well-being, the well-being of people we love.But those disobeying quarantine, they don‚Äôt think poo (milder word)"
Jane Osaka,@janeosaka,2020-07-24T13:02:06.000Z,"Stuck in the airport for 4.5 hours, no social distancing enforced, and Malaysia still wonders why COVID-19 cases are rising....."
Netaji,@MalaysianVoice,2020-07-24T12:05:04.000Z,"Two type of people you should avoid in current life: 
1. Vai P**** irukunu video senji podurevange 
2. Social Media irukunu mathevene pathi Status poderevenge 

#malaysia #SocialDistancing #sugupavithra #sugu #influencer #Covid_19 #AlJazeera #kerajaanprihatin #facebook #artists"
fez,@MrFaizAhmad,2020-07-24T11:16:49.000Z,"So Covid cases in Malaysia have been on the upward trend lately and I can‚Äôt even begin to stress how my anxiety has been spiking 
 every day from the daily announcements"
DaytoDay,@Dayanott,2020-07-24T10:34:36.000Z,Stop bagi orang masuk Malaysia sekejap please since mostly new covid clusters started from import cases...
The Edge Malaysia,@theedgemalaysia,2020-07-24T10:07:05.000Z,"Flash: Malaysia‚Äôs new Covid-19 cases jump to 21, three new clusters emerge"
Andrew Ong,@andrew_ongkh,2020-07-24T10:06:13.000Z,"21 new cases today. The last time we saw more than 20 cases was June 20. 

We've rolled back all our success in handling Covid-19 by more than a month. 

Thank you Malaysia. 

#BersyukurMalaysiaMasihAman"
TheMalaysianInsight,@msianinsight,2020-07-24T09:39:04.000Z,"JUST IN: Malaysia's #Covid_19 death toll remains at 123.
* 3 discharged, total now is 8,577
* 21 new cases, total now 8,861
* 161 active cases
* 5 in ICU, 2 on ventilators"
COVIDBot,@COVID19_bot,2020-07-24T09:15:04.000Z,"Total COVID-19 tests performed in Malaysia: 659,632. 8,840 cases, of those 0 today; 123 deaths, of those 0 today."
Steven Battelle,@StevenJBattelle,2020-07-24T07:54:19.000Z,"cc 
@BorisJohnson
 @michaelgove
 @DominicRaab
 etc  STOP CALLING UK WORLD BEATING unless you mean at dying

UK Covid deaths 45,300

Germany 9,086

Sweden 5,619

Poland 1,624

Japan 985

Denmark 611

S Korea 296  

Greece 194

Malaysia 123

Australia 118"
Don 'unintentionally tweeting' Coyote,@MaisonGladys,2020-07-24T07:26:32.000Z,"What have we seen duirng this Covid outbreak Helen Whately? 

Johnson-Cummings' idea of world-beating

UK Covid deaths 45,300

Germany 9,086

Sweden 5,619

Poland 1,624

Japan 985

Denmark 611

S Korea 296  

Greece 194

Malaysia 123

Australia 118

#r4today [FT 20.07.20]"
Ceddy,@CeddyOrNot,2020-07-23T15:49:40.000Z,"Remember when I said Malaysia is already on recovery mode? Well just today we have 9 new COVID cases and our government then said that starting August 1, wearing face masks in public is MANDATORY and I am so happy to hear this!!

We should not get comfortable. It's not over yet."
Barry Chan Kong Heng,@barrychan889,2020-07-23T14:02:42.000Z,"Latest Status COVID-19 of Malaysia on July 23, 2020

Total Active Cases: 143 (New Cases: 9)

Total ICU Cases: 5 (Intubated: 2)

Total Recovered Cases: 8574 (New Recovered Cases: 8)

Total Deaths: 123 (New Deaths: 0)

Total Confirmed Cases: 8840"
Javeen Sanghvi,@JaveenSanghvi,2020-07-23T12:23:04.000Z,"Rest of Malaysia: Unemployment, flood, Covid-19, price hike, climate crisis, economy crisis and more.

Government: All filming requires FINAS licence, even for personal social media."
B-Rabbit,@AbuFaizie,2020-07-23T11:50:06.000Z,Malaysia is fck up rn with finas mf shit and covid number start to rise a bit
The Edge Malaysia,@theedgemalaysia,2020-07-23T09:35:04.000Z,"Flash: Covid-19: Malaysia‚Äôs new cases drop to nine today, with five involving locals"
TheMalaysianInsight,@msianinsight,2020-07-23T09:19:51.000Z,"JUST IN: Malaysia's #Covid_19 death toll remains at 123.
* 8 discharged, total now is 8,574
* 9 new cases, total now is 8,840
* 143 active cases
* 5 in ICU, 2 on ventilators"
Oh Twenty20 Media,@Oht20media,2020-07-23T09:18:08.000Z,"UPDATES : MALAYSIA

       Total         23 July  22 July  21 July

Cases     8,840       9         16         15

Recover 8,574       8           4           2

Death       123       0           0           0 

#COVID19Malaysia   
#CoronaVirusUpdate 
#COVID19updates
#Covid_19"
Oh Twenty20 Media,@Oht20media,2020-07-23T09:17:18.000Z,"Malaysia #COVID19 daily Cases :

23 July    9
22 July  16
21 July  15
20 July  21
19 July  15
18 July    9
17 July  18
16 July    3
15 July    5
14 July    4
13 July    7
12 July  14
Total Cases: 8,840

#COVID19malaysia
#Covid_19"
Cappu (‚úø ‚ô°‚Äø‚ô°),@syflvsj,2020-07-23T08:44:36.000Z,Yes malaysia is good in handling covid but it doesn't mean our politicians is good in everything
Daud Vicary Abdullah,@DavidVicary,2020-07-23T05:28:56.000Z,Today‚Äôs Global Covid 19 Index ranking 180 countries on response and readiness 1 being the best #7 Malaysia #37 Singapore #127 USA #154 U.K. Are you doing anything Trump and Johnson?
Shanker,@sshanker985,2020-07-23T04:33:18.000Z,First CoVid now NoVid? Malaysia stop taking steps backwards please you‚Äôre leaving behind the youth.
minimanimo,@selmmogu,2020-07-23T04:25:47.000Z,"cb this one seller forgot that my goods are already here in malaysia and when i ask her she keeps on saying shell deliver it but maybe delay bcs of covid cause she thinks the parcel is still in japan and only realise it until i ask her to check
 bro its since march"
Chheng,@Chhengniem,2020-07-23T04:11:27.000Z,"Not yet confirmed: A 21-y cambodian returning from Malaysia reportedly died in a quarantine center in Tboung Khmum province. He was tested negative COVID-19. If it‚Äôs true, the cause of death could be others. Stay calm until it is confirmed by health officials."
Malaysian Chinese LAST VOTE GE11,@bigbosscamelia,2020-07-23T02:18:37.000Z,"Y LAZY & STUPID BASTARD policemen and politicians  in Uganda,India,Iran,Germany,China,Indonesia, USA,UK, Kenya,etc, FAIL 2 catch all PIMPs & HUMAN TRAFFICKERs gangs who spread COVID 19 virus?#covid #photography #medan #instagood #malaysia #follow #likeforlikes #repost #travel"
The Edge Malaysia,@theedgemalaysia,2020-07-23T02:07:03.000Z,"Flash: Covid-19 has provided window for Malaysia to address some structural issues in economy, implement bold changes and radical reforms ‚Äî Mustapha"
Malaysian Chinese LAST VOTE GE11,@bigbosscamelia,2020-07-23T02:05:27.000Z,"#AuraInsta #AuraInstaBatch10 #KulitCantik #KulitCerah Malaysia RADIO stns were BORING, bias & BODOH during lockdown/MCO! BORING BODOH Malaysians DJ radio/TV anchors talk BODOH topics about COVID 19 virus daily,never talk about exercises,health,wellness & nutritions!!"
Malaysian Chinese LAST VOTE GE11,@bigbosscamelia,2020-07-23T02:05:18.000Z,"Malaysia RADIO stns were BORING, bias & BODOH during lockdown/MCO! BORING BODOH Malaysians DJ radio/TV anchors talk BODOH topics about COVID 19 virus daily,never talk about exercises,health,wellness & nutritions!!  #S2UFamilies #BazaarPakNil #WhyBother #CTDK #HealthyFood"
Malaysian Chinese LAST VOTE GE11,@bigbosscamelia,2020-07-23T02:05:03.000Z,"Malaysia RADIO stns were BORING, bias & BODOH during lockdown/MCO! BORING BODOH Malaysians DJ radio/TV anchors talk BODOH topics about COVID 19 virus daily,never talk about exercises,health,wellness & nutritions!!  #Merch #BlackOwnBusiness #Fresh #Clothing #Pride"
Tan Seng Giaw,@Senggiaw,2020-07-23T00:56:53.000Z,"Parents of over five million students in Malaysia hope that Education Ministry can monitor effectively the enforcement of operating procedures against Covid-19 in about 10,000 schools. Pupils can carry and spread the virus."
Stay at Home,@ntlstgdbyfrnw,2020-07-22T17:02:45.000Z,"i am so not ready of any 2nd wave of Covid. Bruhh, please ah. So many selfish stupid kluster in Malaysia. Why dont you just die during the peak of this Virus? "
‚úê,@acapppzzz,2020-07-22T16:44:38.000Z,Pandemic Covid-19 at Malaysia is the only time where i see so many statistics things around the period
Neptune.,@neptunethezimbo,2020-07-22T15:54:43.000Z,"Yikes. This covid19 is ending relationships. Two mates both engaged, are now talking exs.

1.Danish & Pakistan (lives in Malaysia). Danish is studying seldom hs vacays long enough 2fly -whn sh actually can nxt month: covid. Outside f covid almost impossible4 Pak 2gt a visa. They"
S,@syahirrashahar,2020-07-22T14:56:51.000Z,"This covid singapore malaysia border thing really make me go crazy. Cepat lahh penat dah nak fikir then after decision made pstu back to square one balik, repeat. "
ain‚Å∑,@nazlkfle,2020-07-22T12:51:16.000Z,hoping that covid 19 situation in malaysia is not getting worse bcs i really wanna go back to college after my september exam
Ibn al-Nafis,@muazradzi4,2020-07-22T11:18:26.000Z,"At the first place, how China government contain COVID-19 transmission within 1.4 billion with only 40 thousands cases? The world is entering 2nd wave of this pandemic. And we (or me only) didn't hear about significant rebound of COVID-19 cases. Even Malaysia didn't has 0 cases."
ÌÇ¨Îùº,@qilaRaz,2020-07-22T10:17:07.000Z,"It saddens me to see my only colleague from Malaysia leaving the company today, all because of the stupid covid "
Whatyour,@ckfidncjci,2020-07-22T10:04:02.000Z,"Pray to Allah because Allah can help us
Malaysia 
 strong yeah
#Covid_19"
Barry Chan Kong Heng,@barrychan889,2020-07-22T09:39:52.000Z,"Latest Status COVID-19 of Malaysia on July 22, 2020

Total Active Cases: 142 (New Cases: 16)

Total ICU Cases: 5 (Intubated: 1)

Total Recovered Cases: 8566 (New Recovered Cases: 4)

Total Deaths: 123 (New Deaths: 0)

Total Confirmed Cases: 8831"
Oh Twenty20 Media,@Oht20media,2020-07-22T09:09:46.000Z,"UPDATES : MALAYSIA

       Total         22 July  21 July  10 July

Cases     8,831    16         15         21

Recover 8,566     4           2           7

Death       123     0           0           0

#COVID19Malaysia   
#CoronaVirusUpdate 
#COVID19updates
#Covid_19"
Oh Twenty20 Media,@Oht20media,2020-07-22T09:08:27.000Z,"Malaysia #COVID19 daily Cases :

22 July  16
21 July  15
20 July  21
19 July  15
18 July    9
17 July  18
16 July    3
15 July    5
14 July    4
13 July    7
12 July  14
11 July    8
Total Cases: 8,831

#COVID19malaysia
#Covid_19"
Barry Chan Kong Heng,@barrychan889,2020-07-21T15:05:42.000Z,"Latest Status COVID-19 of Malaysia on July 21, 2020

Total Active Cases: 130 (New Cases: 15)

Total ICU Cases: 4 (Intubated: 1)

Total Recovered Cases: 8562 (New Recovered Cases: 7)

Total Deaths: 123 (New Deaths: 0)

Total Confirmed Cases: 8815"
han,@hfztfk,2020-07-21T14:33:19.000Z,"Malaysia, get ready for the second wave of Covid-19."
The Edge Malaysia,@theedgemalaysia,2020-07-21T09:28:03.000Z,"Flash: Covid-19: Malaysia reports 15 new cases, 13 of them involving Malaysians, raising total active cases to 130"
TheMalaysianInsight,@msianinsight,2020-07-21T09:22:13.000Z,"JUST IN: Malaysia's #Covid_19 death toll remains at 123.
* 7 discharged, total now is 8,562
* 15 new cases, total now is 8,815
* 130 active cases
* 4 in ICU, 1 on ventilator"
Oh Twenty20 Media,@Oht20media,2020-07-21T09:14:42.000Z,"UPDATES : MALAYSIA

       Total         21 July  20 July  19 July

Cases     8,815    15         21         15

Recover 8,562     7           2           7

Death       123     0           0           1

#COVID19Malaysia   
#CoronaVirusUpdate 
#COVID19updates
#Covid_19"
Yazmin Aziz,@YazminAziz,2020-07-21T09:13:58.000Z,The fight against COVID-19 in Malaysia is not over especially now with the new active cluster
Ÿãnat,@FA1RYSAHI,2020-07-21T09:02:46.000Z,not related to treasure but malaysia's covid-19 cases are increasingggg noooo :((( ppl stay safe and always sanitize ur hands!!
YJH,@JunHennXD,2020-07-21T08:55:05.000Z,Guys what do I need to prepare when I back to Malaysia for 14 days quarantine. Is it self quarantine at home or in hotel ? Need some guide. #Quarantine  #malaysia #Covid_19 #kualalumpur
Sivanathan,@sivanathans,2020-07-21T08:41:31.000Z,Did we detect any malicious #Covid_19 contact tracing app in Malaysia?
natasha john,@jaybberjay,2020-07-21T08:27:02.000Z,Test in an hr but kelua lah statement x perlu covid test upon arrival in malaysia...hmmm x hal lah buat jak lah since dah polah appointment...this is gonna be uncomfortable but well...
Don 'unintentionally tweeting' Coyote,@MaisonGladys,2020-07-21T07:07:27.000Z,"Johnson-Cummings idea of world-beating

UK Covid deaths 45,300

Germany 9,086

Sweden 5,619

Poland 1,624

Japan 985

Denmark 611

S Korea 296  

Greece 194

Malaysia 123

Australia 118

#r4today [FT 20.07.20]"
Thasha Jayamanogaran,@Thashaj,2020-07-21T06:49:19.000Z,"Covid-19, Malaysia: Because of those who flout mandatory home quarantine rules, all returnees from abroad are required to undergo mandatory quarantine at centres designated by the govt again now. You will also have to bear full accommodation costs, be it -hotels or other centres."
kia,@dksrosie,2020-07-21T06:25:04.000Z,malaysia is crazy man. the cases of covid improved so much for the last few weeks so the gov decided to open up all the schools again and now the number of cases is rising bc of this. so damn stupid la they should've waited a bit
Muhammad Kyova Nugraha,@Muhammad_KyovaN,2020-07-21T06:24:24.000Z,I think the COVID-19 treatment and prevention by Cuba and Venezuela is the best than Malaysia and Indonesia.
COVIDBot,@COVID19_bot,2020-07-21T05:25:02.000Z,"Total COVID-19 tests performed in Malaysia: 659,632. 8,800 cases, of those 0 today; 123 deaths, of those 0 today."
Nicholas Tee,@N1cholasTee,2020-07-20T16:05:20.000Z,Chile the second wave of COVID-19 is gonna hit Malaysia im lit rally calling it rn STAY AT HOME 
"È¶¨
„ÇíÊøÄ„Åó„ÅèÂãáÂ£Æ„Å´Ëµ∞„Çã„ÄÅ„Åï„ÅÅËµ∞„Çç„ÅÜ",@HackemSackem,2020-07-20T15:40:04.000Z,covid cases in malaysia may be low but it is quite worrying
Tan Seng Giaw,@Senggiaw,2020-07-20T15:08:31.000Z,"Testing and wearing mask against Covid-19 are controversial in the US. The pandemic situation is bad in the country.
 Malaysia concentrates testings on groups & places at risk. The pandemic is under control. We do not want a resurgence. The authorities can improve testing system."
Barry Chan Kong Heng,@barrychan889,2020-07-20T11:50:41.000Z,"Latest Status COVID-19 of Malaysia on July 20, 2020

Total Active Cases: 122 (New Cases: 21)

Total ICU Cases: 3 (Intubated: 1)

Total Recovered Cases: 8555 (New Recovered Cases: 2)

Total Deaths: 123 (New Deaths: 0)

Total Confirmed Cases: 8800"
emmanuelsamarathisa,@esshimself,2020-07-20T10:54:12.000Z,"1/ Deputy Home Minister Ismail Mohamed Said admits overcrowding in Malaysia's prisons & immigration depots. 

The reasons, he said in a parliamentary reply, were due to a higher number of foreigners serving prison sentences and the inability to deport due to Covid-19."
MeungTasha slay hope for actress Eunji this year,@eunmazingdreami,2020-07-20T09:34:48.000Z,"Yesterday I go to pantai remis, like seriously ppls really acted like Malaysia already 
 free from covid-19. They didn't wear mask in crowded place. No SOP. Parents just let's their kids play in playground without wear mask n social distance. It's really scary. "
ÿ£ÿ≠ŸÖÿØ ŸÉÿßŸÜŸäŸÉŸä ŸÜŸÇ ÿ™Ÿä⁄†ŸàŸÉ ŸÉŸäŸÖŸäÿ™ÿ≥Ÿà ŸÜŸà ŸäŸäÿ®ÿß ÿ≥Ÿäÿ≥ŸàŸÜ ÿ™Ÿà,@Ahmad_KanekiKen,2020-07-20T09:21:01.000Z,"Is covid-19's 2nd unavaoidable or is there still hope for Malaysia?

It's in your hands now"
syauqee,@syauqee7,2020-07-20T09:20:01.000Z,Malaysia dah kena 2nd wave of Covid
The Edge Malaysia,@theedgemalaysia,2020-07-20T09:14:04.000Z,"Flash: Covid-19 cases in Malaysia rises to 21, as PM urges vigilance amid growing infections"
TheMalaysianInsight,@msianinsight,2020-07-20T09:11:54.000Z,"JUST IN: Malaysia's #Covid_19 death toll remains at 123.
* 2 discharged, total now is 8,555
* 21 new cases, total now is 8,800
* 122 active cases
* 3 in ICU, 1 on ventilator"
Oh Twenty20 Media,@Oht20media,2020-07-20T09:09:45.000Z,"UPDATES : MALAYSIA

       Total         20 July  19 July  18 July 

Cases     8,800    21         15          9

Recover 8,555     2           7           5

Death       123     0           1           0

#COVID19Malaysia   
#CoronaVirusUpdate 
#COVID19updates
#Covid_19"
The Edge Malaysia,@theedgemalaysia,2020-07-20T08:35:04.000Z,Flash: Muhyiddin : Malaysia‚Äôs economy may be severely impacted if previous Covid-19-driven restricted movement policies reimplemented
Rin Sae „É™„É≥„Éª„Çµ„Ç®,@rinasae2,2020-07-20T08:33:37.000Z,"More Covid-19 cases in Malaysia.

some of them are foreigners

Some of them have contacts with other patients."
TheMalaysianInsight,@msianinsight,2020-07-20T08:18:37.000Z,"JUST IN: Malaysia considering mandatory use of face mask in public areas. - PM 
@MuhyiddinYassin
 #Covid_19"
Norman Goh,@imnormgoh,2020-07-20T08:15:45.000Z,"COVID-19 is on the rise in Malaysia, in the recovery phase of Movement Control Order.

New clusters emerged over the past week and active cases have now breached the 100 mark. 

The war is not over yet, we are still battling the pandemic. Please don't take things for granted."
farhan,@farhancomeback,2020-07-20T04:32:40.000Z,"Since i saw a tweet about preparing the new waves of covid 19 at Malaysia, why don't we boosting our immunity first? 

#
  #vitaminD"
Tan Seng Giaw,@Senggiaw,2020-07-20T03:18:03.000Z,"Resurgence? Covid-19 Malaysia: 8,779 cases, 123 deaths and 15 new cases. The authorities must review the ways of monitoring the practice of operating procedures such as in restaurants and malls. If there is a resurgence, will the country impose a new control order?"
Steven Choong Èî∫Â∞ë‰∫ë,@stevensychoong,2020-07-20T02:59:25.000Z,People in the corporate sector is planning for preventive measures to counter for a second wave of COVID-19 in Malaysia. Let us all restrain ourselves from frequenting crowded places.
COVIDBot,@COVID19_bot,2020-07-20T01:15:23.000Z,"Total COVID-19 tests performed in Malaysia: 659,632. 8,779 cases, of those 15 today; 123 deaths, of those 1 today."
Musa jaafar(duda)5years,@musajcj,2020-07-20T00:02:25.000Z,Im still hope get job at London others that before I'm get after genral election here. Despite uk Have now still facing covid but their economy now move like malaysia
DrMJ,@i_drmj,2020-07-19T23:49:38.000Z,"Everyone's talking about Malaysia's ""success"" story battling Covid-19. Hello, since when it's over to call it a success even. Schools are going to reopen, new clusters emerging. Stop being complacent Malaysians! 
 @DGHisham
 @DGHishamFanClub
#coronavirus #KitaJagaKita"
Yuan Wang,@yuanwangtweets,2020-07-19T22:25:26.000Z,"Fellow Victorians, wearing a face mask is an easy thing that will have a huge impact on reducing Covid transmission. Look no further than our SE Asian neighbours Vietnam, Thailand, Malaysia, everyone has been wearing masks since March #facemasks #Covid_19 #MaskUp"
Keigo's whore ¬¶Dead Tired‚Ñ¢| Busy with college|,@Takashi_nii,2020-07-19T17:08:46.000Z,"i wanted to hold a chalet this year or at least escape to Malaysia for my birthday this year since it finally fell on a weekend since i turn 18 
but covid 19 really threw a wrench into it huh"
Barry Chan Kong Heng,@barrychan889,2020-07-19T15:35:01.000Z,"Latest Status COVID-19 of Malaysia on July 19, 2020

Total Active Cases: 103 (New Cases: 15)

Total ICU Cases: 2 (Intubated: 1)

Total Recovered Cases: 8553 (New Recovered Cases: 7)

Total Deaths: 123 (New Deaths: 1)

Total Confirmed Cases: 8779"
hanimomo,@hanimomo,2020-07-19T14:18:47.000Z,"Malaysia at no.80 with 8,779 cases of COVID-19. Globally, more than 14 mil cases reported with 600k deaths. There are currently 5.2 million active cases worldwide and more than 8.6 mil people have recovered"
Author UmmJuwayriyah,@UmmJuwayriyah1,2020-07-19T12:18:53.000Z,"How are the Covid numbers in Malaysia? Any Malaysian universities hiring during the pandemic? I am seriously crafting plan B, bithnillah."
"Mom of KL
#MintaLima",@amuse_gueule,2020-07-19T11:54:21.000Z,"I just came back from my first mall trip. All SOP ke laut. Not the mall management punya fault but public are taking things for granted. 

Ini semua salah siapa? Is it because of the ‚ÄúMalaysia berjaya kawal COVID 19‚Äù news we are seeing these days? Public dah confident sangat ke?"
Ï≤∏,@yusrirasy,2020-07-19T10:46:56.000Z,"oh god.. i noticed tht covid-19 cases in malaysia has been acting up lately, please everyone 
 wear your mask when ure going out, avoid crowded places if u can, dont forget abt social distancing and always sanitize your hand regularly "
Oh Twenty20 Media,@Oht20media,2020-07-19T09:18:50.000Z,"UPDATES : MALAYSIA

       Total        19 July  18 July  17 July 

Cases     8,779    15          9          18

Recover 8,553      7          5           3

Death       123      1          0           0

#COVID19Malaysia   
#CoronaVirusUpdate 
#COVID19updates
#Covid_19"
TheMalaysianInsight,@msianinsight,2020-07-19T09:14:35.000Z,"JUST IN: Malaysia's #Covid_19 death toll rises to 123 with one death reported today.
* 7 discharged, total now is 8,553
* 15 new cases, total now is 8,779
* 103 active cases
* 2 in ICU, 1 on ventilator"
TheMalaysianInsight,@msianinsight,2020-07-18T09:10:19.000Z,"JUST IN: Malaysia's #Covid_19 death toll remains at 122.
* 5 discharged, total now is 8,546
* 9 new cases, total now is 8,764
* 96 active cases
* 1 in ICU"
The Edge Malaysia,@theedgemalaysia,2020-07-18T09:07:04.000Z,"Flash: Covid-19: Nine new cases in Malaysia, five recoveries, no deaths"
Sai wait4it Eu Gin,@saieugin,2020-07-18T05:39:10.000Z,"Still calling out 
@AJEnglish
 for their misleading and insidious covid documentary in Malaysia.  Spineless cowards, enable your comment section the in the video. #FreedomOfSpeech"
TonyTang,@TonyTang77,2020-07-18T05:11:04.000Z,"Illegal immigrant intrude Malaysia without proper procedure so that they already escape from covid test and health exam.  They might bring virus into Malaysia and create disease outbreak to Malaysian. They already offended illegal intrusion, overstay, disease spreading law."
TonyTang,@TonyTang77,2020-07-18T05:08:15.000Z,"Human right lawyer in Malaysia seems a little bit illogical! Illegal immigrant intrude Malaysia already considered as illegal and it is a ""criminal"". How they still claim human right for this illegal immigrants! Somemore,  illegal immigrant intrude Malaysia without covid test!"
ey√´ zahin‚éä,@zahxn_,2020-07-18T05:03:17.000Z,wanted to spend my birthday at Malaysia this year but covid 
Tan Seng Giaw,@Senggiaw,2020-07-18T03:44:24.000Z,"Malaysia has four new clusters of Covid-19 and 8,755 cases. The problems continue such as clusters, illegal immigrant cases, imported cases and a small number going against operating procedures. Please follow the advice of doctors."
KP,@kaypreciation,2020-07-18T03:13:13.000Z,"Eternally grateful that when a body of doctors urged the government to shut down Malaysia for COVID, they listened and so did the people

Eternally grateful #tanahairku"
Noel Dass,@noeldass,2020-07-18T02:22:28.000Z,"Malaysians on social media : Let‚Äôs get rid of the colonial legacy and reclaim Melayu heritage.

Also Malaysians on social media : Hooray for the narrowly-informed white men who make YouTube videos praising Malaysia‚Äôs progress on COVID-19."
ùïíùï¶ùï£ùï†ùï£ùïí,@thesadbitchhh,2020-07-18T02:01:15.000Z,"In malaysia, when we are instructed to stay at home, we obey
But in America, they are instructed to stay at home but they say Covid-19 is a political agenda and do not go on the government's command"
epigoroÔº†36,@epigeneticgoro,2020-07-18T01:25:32.000Z,"Wanna the Malaysia long-term retirement visa...its issuance is suspended now due to COVID-19, though.
Without the visa, have to embark in 3 months, and have to stay outside Malaysia for 3 months."
deepthaid,@deepthaid,2020-07-17T19:45:46.000Z,"india: out of afghanistan & bri, rock bottom w china, pakistan, kashmir, iran, turkey, nepal, bangladesh, sri lanka & malaysia, humiliated militarily by pak & china, zero support from us & russia, trashed by world on caa, economy dead, covid out of control & still drunk on modi!"
ùîªùïôùïöùïùùïùñ£ò,@Dhillwithit,2020-07-17T17:39:02.000Z,I just hope this covid gets better and hope malaysia will be open i miss jb i miss their food i can cry i feel like sg is the next north korea
Susan Lankester,@suelanks,2020-07-17T10:26:23.000Z,18 new cases - COVID Malaysia. 
Barry Chan Kong Heng,@barrychan889,2020-07-17T10:17:30.000Z,"Latest Status COVID-19 of Malaysia on July 17, 2020

Total Active Cases: 92 (New Cases: 18)

Total ICU Cases: 3 (Intubated: 0)

Total Recovered Cases: 8541 (New Recovered Cases: 3)

Total Deaths: 122 (New Deaths: 0)

Total Confirmed Cases: 8755"
TheMalaysianInsight,@msianinsight,2020-07-17T09:06:32.000Z,"JUST IN: Malaysia's #Covid_19 death toll remains at 122.
* 3 discharged, total now is 8,541
* 18 new cases, total now is 8,755
* 92 active cases
* 3 in ICU"
Nextstrain,@nextstrain,2020-07-17T06:43:47.000Z,"Thanks to 
@NSWHPathology
, 
@WestSydHealth
, 
@Sydney_Uni
 @KKMPutrajaya
 @RITMPH
, 
@VetEssel
, 
@inezmedado
 & 
@GISAID
, we have new #SARSCoV2 #COVID-19 sequences from Australia, Malaysia, Philippines!"
Tan Seng Giaw,@Senggiaw,2020-07-17T03:56:05.000Z,"Countries which follow science do better in combating Covid-19 pandemic. Malaysia with nearly 32 million people sticks to the advice of doctors. She has 8,737 cases and 122 deaths. The population of the US is about 330 million with good scientists. But, Trump only plays politics."
merit collector Malaysian Chinese lady,@yehenara7camel1,2020-07-17T02:14:34.000Z,"Malaysia SOP(stupid of people) country-Malaysians helpers & cashier do not wear FACE MASKS inside kitchen@Restoran Kapitanrestuarant,Lower Ground Floor,Amcorp Mall,Persiaran Barat Off Jln Timur,PJ Selango #penutupmuka #pandemic #pandemik #covid_19 #coronavirus #corona"
COVIDBot,@COVID19_bot,2020-07-16T15:50:04.000Z,"Total COVID-19 tests performed in Malaysia: 659,632. 8,737 cases, of those 3 today; 122 deaths, of those 0 today."
Barry Chan Kong Heng,@barrychan889,2020-07-16T12:41:39.000Z,"Latest Status COVID-19 of Malaysia on July 16, 2020

Total Active Cases: 77 (New Cases: 3)

Total ICU Cases: 3 (Intubated: 1)

Total Recovered Cases: 8538 (New Recovered Cases: 12)

Total Deaths: 122 (New Deaths: 0)

Total Confirmed Cases: 8737"
SWIFT TRADING,@swifttrading_,2020-07-16T11:25:48.000Z,"We are looking for #3m1860 authorized distributors for #large orders (100m+) of #3M #Masks. Payment: LC/Escrow. Need proof of allocation. 

#coronavirus #Covid_19 #PPE #China #Vietnam #Malaysia #Thailand #trading #suppliers #facemasks #Facecoverings #StocksToTrade #Stock #mask"
SWIFT TRADING,@swifttrading_,2020-07-16T11:22:10.000Z,"We are looking for factories/auth. distributors for large orders (100m+) of top quality nitrile gloves for our clients. Delivery schedule: 10 million gloves per week. Payment: LC/Escrow. Need proof of allocation. 

#Covid_19 #PPE #China #Vietnam #Malaysia #Thailand #coronavirus"
Consulate General of Malaysia in Hong Kong,@MYCGHKSAR,2020-07-16T11:16:37.000Z,"(1/4) Dear Malaysians and friends of Malaysia in the Hong Kong and Macao SARs,

PCR COVID-19 TEST REQUIREMENT TO ENTER MALAYSIA

Effective 20 July 2020, the Immigration Department of Malaysia has implemented the following requirements for entry into Malaysia:"
Capt Sanjay Prashar,@PrasharSdp,2020-07-16T09:29:16.000Z,"Seafarers
Covid test swab taken time is important with negative report

HK & Singapore: BOARD the Flight within 48 Hrs of Swab taken.
Malaysia:72 Hrs

Otherwise You CAN'T join Ship. We suffered Yesterday for HK sector as few Seafarers were offloaded from Flight."
The Edge Malaysia,@theedgemalaysia,2020-07-16T09:28:06.000Z,"Flash: Malaysia reports three new cases of Covid-19, 12 recoveries, no deaths"
TheMalaysianInsight,@msianinsight,2020-07-16T09:17:34.000Z,"JUST IN: Malaysia's #Covid_19 death toll remains at 122.
* 12 discharged, total now is 8,538
* 3 new cases, total now is 8,737
* 77 active cases
* 3 in ICU, 1 on ventilator"
Arvindraj,@arvindraj4,2020-07-16T09:13:00.000Z,"After this #COVID__19 get over. I am will be traveling to Singapore and Malaysia for atleast 10 days. Wanna join ? 
@SingaporeAir
 any offers "
Raymond Goh,@RaymondNewsMPB,2020-07-16T09:10:13.000Z,"Covid-19 Malaysia

3 new cases today
Zero death"
Oh Twenty20 Media,@Oht20media,2020-07-16T09:09:17.000Z,"UPDATES : MALAYSIA

       Total        16 July  15 July  14 July 

Cases     8,737      3            5          4

Recover 8,538      12          2           4

Death       122       0           0           0

#COVID19Malaysia   
#CoronaVirusUpdate 
#COVID19updates
#Covid_19"
.,@keeyong_c,2020-07-15T16:35:41.000Z,i don't think malaysia is able to cope with any asymptomatic covid carrier outbreak anymore
Asadul Islam Jumman,@AsadulJumman,2020-07-15T15:58:28.000Z," Countries where people have visited, & then became COVID-19 cases here since June: Afghanistan 
 , Bangladesh 
 , France 
 , Germany 
 , India 
 , Iraq 
 , Malaysia 
 , Pakistan 
 , Portugal 
 , Qatar 
 , Sudan 
 , Sweden 
 , Ukraine 
 , UAE 
 , UK 
 & USA  "
John at BulkActives,@BulkActives,2020-07-15T15:38:58.000Z,"Due to Covid-19 flight suspensions #BulkActives can currently only ship to: The USA, The UK, France, The Netherlands, Hong Kong, Japan, Indonesia, Thailand, Singapore, Malaysia, Japan, Germany (EMS only), Australia (EMS only), France (Registered Airmail only)."
Barry Chan Kong Heng,@barrychan889,2020-07-15T10:44:46.000Z,"Latest Status COVID-19 of Malaysia on July 15, 2020

Total Active Cases: 86 (New Cases: 5)

Total ICU Cases: 5 (Intubated: 1)

Total Recovered Cases: 8526 (New Recovered Cases: 2)

Total Deaths: 122 (New Deaths: 0)

Total Confirmed Cases: 8734"
BAM,@BA_Malaysia,2020-07-15T09:28:55.000Z,"OFFICIAL: The Badminton Association of Malaysia (BAM) confirms that all eight independent players who were tested for COVID-19 yesterday have come back negative. 

They are scheduled to join the national team training session at the Akademi Badminton Malaysia (ABM) tomorrow."
The Edge Malaysia,@theedgemalaysia,2020-07-15T09:07:04.000Z,"Flash: Covid-19: Malaysia reports five new cases as at noon today, two recoveries, no deaths"
Oh Twenty20 Media,@Oht20media,2020-07-15T09:01:30.000Z,"UPDATES : MALAYSIA

       Total        15 July  14 July  13 July

Cases     8,734    5          4          7

Recover 8,526    2           4         1

Death       122    0           0         0

#COVID19Malaysia   
#CoronaVirusUpdate 
#COVID19updates
#Covid_19"
TheMalaysianInsight,@msianinsight,2020-07-15T09:01:21.000Z,"JUST IN: Malaysia's #Covid_19 death toll remains at 122.
* 2 discharged, total now is 8,526
* 5 new cases, total now is 8,734
* 86 active cases
* 5 in ICU, 1 on ventilator"
ming„ÉÉ,@childebabby,2020-07-15T05:26:23.000Z,pls pls when malaysia is free from covid pls tick us out from your vacation list just like how kpop concert always skip us <//3
khai jelah,@khai_zombie,2020-07-15T04:34:10.000Z,"Gang2 illegal immigrant supporter Ni Aku Pham human right, but they can't just put illegal immigrant as main priority in Malaysia, the government do what they need to do, lpas DH baik dri covid tu, dieorang hntar balik negara asal skali, bukan Ade slah pon"
miffy,@mifflue,2020-07-15T00:26:38.000Z,Tbh so proud of Malaysia for how we're handling covid I never thought that we'd do this great 
Addry Al-Siddiq,@addryalsiddiq,2020-07-14T23:20:16.000Z,Covid-19 cases in Malaysia recently are kinda worrysome. I hope my friends will travel safely to Kuching for raya next week 
ahmad,@shahazreal,2020-07-14T21:44:04.000Z,"Idk why people are surprised(getting mad) that we have positive covid cases in Malaysia after we opened up the country again. It is bound to happen, the virus is out there. Lewls mun di sambong PKP ria, meroyan. Dah di longgarkan, meroyan juak ada positive cases."
Gabriel Demombynes,@gdemom,2020-07-14T20:17:06.000Z,Just back in US after living 4 years in Philippines & 3 years in Vietnam & working extensively in Malaysia & Thailand. Seeing large number of maskless Americans gives me strong suspicion that East Asian success in COVID starts with pre-pandemic culture that embraced use of masks
tarkheena,@darthvinson,2020-07-14T16:58:41.000Z,"Dear UK, 
I live in Malaysia, which is half the population size of the UK. We've had to wear masks everywhere since lockdown started in March. I even have to wear one all day at work. Malaysia's total covid death count is 122 people. What's yours again? #NoMasks"
Mr.Pacman,@bhadoriya_varun,2020-07-14T07:35:25.000Z,"Standing by for few days #apexlegends #meme #gta #gamers #gamergirl #sniper #codwarzone #delivery #callofdutyclips #codmemes #callofdutymemes #clips #murah #viral #iphone #twitchstreamer #battlefield #onlineshopping #r
 #postage #fashion #codm #pubgmobile #covid #apex #malaysia"
MYCGJeddah,@MYCGJeddah,2020-07-14T07:07:15.000Z,"COVID-19 ALERT - SPECIAL FLIGHT TO MALAYSIA

The SAUDIA Airlines has CONFIRMED that it will operate special flight for sector RUH-KUL on 16 July 2020.
Travelers from the Western Regions of Saudi Arabia may purchase the ticket via connecting domestic flight through SAUDIA Website."
Boo Su-Lyn,@boosulyn,2020-07-14T03:41:08.000Z,"Why are there so few questions on Covid-19 in Parliament? Where are the questions on Malaysia's testing numbers, PPE for health care workers, preparation for a possible 2nd wave, collaboration with private GPs? We're still facing new clusters. WHO warns the pandemic isn't over."
Aiman Syed Jaafar,@aimansjaafar,2020-07-14T01:14:23.000Z,"Malaysia's unemployment as at April was 5%, highest in 30 years. BNM should consider extending the moratorium. Banks have the capacity to cushion more blows from COVID-19 to enable the individuals to get themselves on their feet and help stimulate economy. #covid19 #malaysia"
OfficialHasnidaSaini,@HasnidaSaini,2020-07-14T01:07:48.000Z,I would have do my usual day countings to go back to Malaysia if it wasn‚Äôt for Covid. Literally 6 more days to the long awaited homecoming for the arrival of my little princess to Kuching where I always wanted it to be her first destination to fly to.
Joel Lawson,@JoelLawsonDC,2020-07-14T00:04:18.000Z,"Omaha, Nebraska, pop. 478K, now has about the same number of total COVID-19 cases as:
- Norway, pop 5.42M
- Australia, pop. 25.5M
- Malaysia, pop 32.37M"
Shane Beatty,@ShaneBeattyNews,2020-07-13T18:04:13.000Z," Countries where people have visited, & then became COVID-19 cases here since June: Afghanistan 
 , Bangladesh 
 , France 
 , Germany 
 , India 
 , Iraq 
 , Malaysia 
 , Pakistan 
 , Portugal 
 , Qatar 
 , Sudan 
 , Sweden 
 , Ukraine 
 , UAE 
 , UK 
 & USA  "
COVID19 NEWS,@allaboutnumber,2020-07-13T14:46:29.000Z,"KNOW THE NUMBERS
‚Ä¢ Singapore reports 322 additional COVID-19 cases, pushing city-state's total to 46,283

‚Ä¢ Malaysia confirms 7 new coronavirus infections, 6 of which were imported, while one was a local transmission; total cases at 8.725 with death toll unchanged at 122"
hharizth_√ó,@hharizth,2020-07-13T14:26:21.000Z,"Should the government consider the new suitable date for the re-opening the schools in Malaysia? I mean here in Kuching, Sarawak still got some covid cases that still acting wild out there. 
Wdyt my fellows?"
Patrick,@AsISeeIt2012,2020-07-13T13:46:20.000Z,"THIS IS THE ONLY WAY TO SAVE MALAYSIA FROM LIQUIDITY PROBLEMS. IF TOO LATE TO RE-OPEN EVEN BANKRUPTCY.

MAKE SURE YOU USE A TEM WHICH CAN SEE VIRUSES SMALL THAN 100 NANOMETERS. THE COVID VIRUS IS 120 NONMETERS IN SIZE. CAANOT EVEN SEE WITH A POWERFUL LIGHT MICROSCOPE."
Barry Chan Kong Heng,@barrychan889,2020-07-13T10:57:34.000Z,"Latest Status COVID-19 of Malaysia on July 13, 2020

Total Active Cases: 83 (New Cases: 7)

Total ICU Cases: 4 (Intubated: 3)

Total Recovered Cases: 8520 (New Recovered Cases: 1)

Total Deaths: 122 (New Deaths: 0)

Total Confirmed Cases: 8725"
ùòøùôß ùòºùôßùô´ùôûùô£ùôôùôöùôß-ùôéùôûùô£ùôúùôù ùôÉùôé,@Dr_ASinghR,2020-07-13T10:42:43.000Z,"Malaysia's 1st

1. First to get COVID under control
2. First to have a non-elected government
3. First to remove a speaker from parliament"
Azizul Arkaan,@AzizulArkaan,2020-07-13T10:08:54.000Z,"The restart of Parliament Malaysia today affirms scientific findings that racist, foul mouthed politicians are immune to Covid 19."
Karen T,@bubuchahchah,2020-07-13T09:44:25.000Z,"Now that there is covid, it is time to cuti-cuti malaysia"
TheMalaysianInsight,@msianinsight,2020-07-13T08:55:22.000Z,"JUST IN: Malaysia's #Covid_19 death toll remains at 122.
* 1 discharged, total now is 8,520
* 7 new cases, total now is 8,725
* 83 active cases
* 4 in ICU, 3 on ventilators"
Mary,@chewinona,2020-07-13T02:03:48.000Z,"Seeing what happened in other countries, I'm blessed to be here. There is people with covid-19 died because being rejected for treatment by multiple hospital.

This not happened in Malaysia. Even people who came in illegally are being treated. And advise to get tested."
Tan Seng Giaw,@Senggiaw,2020-07-13T02:02:52.000Z,"We don't want new cases of Covid-19 in Malaysia. There are 8,718 cases with 14 new ones: 11 local and 3 imported. Kuching cluster and detention centres attract attention. All concerned try to make sure that there are no new cases as millions of pupils return to schools."
SWIFT TRADING,@swifttrading_,2020-07-12T18:21:56.000Z,"We are looking for #3m1860 authorized distributors for #large orders (100+ million) of #3M #Masks. Payment: LC/Escrow. Need proof of allocation. 

#coronavirus #Covid_19 #PPE #China #Vietnam #Malaysia #Thailand #trading #suppliers #facemasks #Facecoverings #StocksToTrade #Stock"
Dave Levitan,@davelevitan,2020-07-12T17:28:32.000Z,"Florida has reported 15,300 new covid-19 cases in a single day. Here are the total, pandemic-long case counts for some countries that have more people than Florida: 

South Korea: 13,417
Australia: 9,797
Malaysia: 8,718
Thailand: 3,217"
SWIFT TRADING,@swifttrading_,2020-07-12T17:28:22.000Z,"We are looking for factories/authorized distributors for large orders (100+ million) of top quality nitrile gloves for our clients. Delivery schedule: 10 million gloves per week. Payment: LC/Escrow. Need proof of allocation. 

#Covid_19 #PPE #China #Vietnam #Malaysia #Thailand"
Barry Chan Kong Heng,@barrychan889,2020-07-12T15:28:52.000Z,"Latest Status COVID-19 of Malaysia on July 12, 2020

Total Active Cases: 77 (New Cases: 14)

Total ICU Cases: 3 (Intubated: 2)

Total Recovered Cases: 8519 (New Recovered Cases: 4)

Total Deaths: 122 (New Deaths: 0)

Total Confirmed Cases: 8718"
Tirath Ramdas,@tirath,2020-07-12T12:28:03.000Z,"After a promising start, Malaysia‚Äôs Health DG has totally jumped the shark. Good thing China already named him global top 3 COVID doctor or some nonsense so he is sorted lah!"
eixza,@daisyeixza,2020-07-12T12:04:59.000Z,"Covid-19 in Malaysia is not completely over yet. As of today, masih ada kes. Bila keluar, I‚Äôm shocked to see that many people are taking this lightly now by not wearing face mask or maintain social distancing."
Avion Thrust,@AvionThrust,2020-07-12T10:08:20.000Z,"#NEWS | In the first phase, 3322 Nepalis have been rescued from Malaysia. Nepalis stranded abroad due to corona virus (Covid-19) have been rescued through the first phase of the flight."
ila,@aqielhs,2020-07-12T09:27:10.000Z,"Hhahahah ada bangla ni show off tempat dia 0 new case of covid, n guess what he lived in malaysia, like dude we live in the same country"
TheMalaysianInsight,@msianinsight,2020-07-12T09:05:49.000Z,"JUST IN: Malaysia's #Covid_19 death toll remains at 122.
* 4 discharged, total now is 8,519
* 14 new cases, total now is 8,718
* 77 active cases
* 3 in ICU, 2 on ventilators"
#KitaMintaLima,@ll4nothin,2020-07-12T05:37:31.000Z,Is Malaysia really clear of COVID-19 or are we full of asymptomatic people who don't go to get tested or are just denied testing because of no close contacts or no travel history??
Fatemeh Dehdar,@DehdarFatemeh,2020-07-12T05:03:55.000Z,"Covid or not Covid, we have to travel!
#travel #COVID19 #Malaysia"
Tan Seng Giaw,@Senggiaw,2020-07-12T03:07:34.000Z,"Parents want children to go back to schools. With total of 8,704 Covid-19 cases, Malaysia opens schools. Let's hope that operating procedures are practicable.
     Last night, the US had 66,000 new cases and accumulated cases were over 3.3 million. Trump presses schools to open?"
Newnationalstar,@newnationalstar,2020-07-11T15:34:36.000Z,"COVID-19 : Nigerians successfully evacuated from Malaysia and Thailand.
#coronavirus
#ncdc"
IQI Global,@IQIGlobal,2020-07-11T04:00:27.000Z,"Malaysia is in a good position to attract more international students from China because of the current political tension going on between the republic and Australia, and while the US and the UK continue to deal with the impact of the Covid-19 pandemic."
Tan Seng Giaw,@Senggiaw,2020-07-11T03:09:45.000Z,"Malaysia opens schools. But, Hong Kong closes schools again because of a surge of Covid-19 cases. Hong Hong has strict preventive measures. The 10,083 schools in Malaysia must carry out operating procedures which are practicable."
Lord Reags of Oz,@lord_reags,2020-07-10T21:00:18.000Z,"Lord Reags can see no malice or seditious bias in the 
Al Jazeera reportage of handcuffed migrants under 
""COVID ARREST"" in Malaysia. He has urged the Malaysian Government to reconsider its over-reaction & release the TV crew of 10 taken into custody facing charges for sedition"
ùìôùìÆùì™ùì∑ùìÆ‚Å∑,@qwen_eaudejeane,2020-07-10T11:03:06.000Z,"I tak kira. Once Malaysia open international border, Covid-19 pun dah reda... I want to go to Seoul (again). This time plan nk stay sana lama sikit. Probably 2¬Ω months."
Barry Chan Kong Heng,@barrychan889,2020-07-10T10:09:45.000Z,"Latest Status COVID-19 of Malaysia on July 10, 2020

Total Active Cases: 64 (New Cases: 13)

Total ICU Cases: 2 (Intubated: 2)

Total Recovered Cases: 8511 (New Recovered Cases: 12)

Total Deaths: 121 (New Deaths: 0)

Total Confirmed Cases: 8696"
TheMalaysianInsight,@msianinsight,2020-07-10T09:54:52.000Z,"JUST IN: Malaysia's #Covid_19 death toll remains at 121.
* 12 discharged, total now is 8,511
* 13 new cases, total now is 8,696
* 64 active cases
* 2 in ICU and on ventilators"
The Edge Malaysia,@theedgemalaysia,2020-07-10T09:28:06.000Z,"Flash: Covid-19: Malaysia records 13 new Covid-19 cases, nine involving citizens"
VIP (Very Important Plant),@PuffyCurry,2020-07-10T07:38:23.000Z,"Currently all the propaganda centers ""unity"" as the thing that defeated Covid-19 in Malaysia. 
If a second wave occurs, see how fast all kinds of scapegoats get blamed."
Maverick Manoj,@maverick_manoj,2020-07-10T05:29:27.000Z,"Hi 
@MY_Airports
 , recently people travelled from other countries to Malaysia with special flights. It seems airport their COVID-19 test report got rejected by mentioning missing information. Could you please tell what are the information should be available in report?"
COFFEE & COOKIES,@BilliFiza,2020-07-09T22:19:36.000Z,"I can‚Äôt understand with the rules in indonesia  to handle covid-19. 
They must learn from other country like singapore and malaysia ."
Archie,@ADenzing,2020-07-09T18:58:24.000Z,"#malaysian police is investigating #AlJazeera for #Sedition,  #defamation, and violation of the country‚Äôs Communications and Multimedia Act after it aired 'Locked up in Malaysia's Lockdown' documentary on the Covid-19 pandemic and migrant workers in the country."
Ghada Banaga,@ghadabanaga,2020-07-09T17:58:35.000Z,"To be honest, Malaysia‚Äôs doing well with handling covid. Things are looking comfortable again and it almost feels like this 2nd wave gone hit lightly... it‚Äôs been 6 new cases n 0 deaths so far this week when Sudan got 10k new cases wit 700 deaths... it‚Äôs crazy"
A Cat¬≥‚Åπ ate beep,@wotma81,2020-07-09T15:26:25.000Z,"FB: terrorist can livestreaming Christchurch Mosques attack video

FB: hmm no, Malaysia Did the Impossible to fight Covid video is false and misleading

I can sense some pattern here "
rita,@dazaiiik,2020-07-09T14:54:08.000Z,i would be in malaysia living my best life rn if it wasnt for covid. i hate u covid 
Barry Chan Kong Heng,@barrychan889,2020-07-09T14:52:28.000Z,"Latest Status COVID-19 of Malaysia on July 09, 2020

Total Active Cases: 63 (New Cases: 6)

Total ICU Cases: 2 (Intubated: 1)

Total Recovered Cases: 8499 (New Recovered Cases: 13)

Total Deaths: 121 (New Deaths: 0)

Total Confirmed Cases: 8683"
"hisa
pspsps („Å•Ôø£ ¬≥Ôø£)„Å•",@xhisa12,2020-07-09T03:04:26.000Z,"Malaysia has less than 150 covid deaths. They never went in to full economic shut down. They have an unemployment rate of 2.6%. How did they do it? Virtually everybody wears a mask. Americans have no idea how fucking stupid they look on the world stage.

sounds right."
Tan Seng Giaw,@Senggiaw,2020-07-09T02:42:36.000Z,"Covid-19 pandemic causes human suffering. Malaysia has Perihatin Rakyat Economic Stimulus Package, RM250 billion. How well has the package been implemented? How many are desperate? We need more efforts."
Tan Seng Giaw,@Senggiaw,2020-07-09T01:36:06.000Z,"There are problems of social distancing, wearing of mask, ventilation and testing of Covid-19 in schools. Pupils are pupils. Teachers play an important part in making schools safe. Education Ministry Malaysia must find ways to help them."
Tris D Vinnecombe-Macdonald,@DassTris,2020-07-08T22:03:49.000Z,Malaysia achieved 0 covid cases but some news had to report something soo misleading to get attention. Now they are harping on child labour. Yeah right & who is always going against labor law? They always got away to start more business. Hence disparity.
Buckeyefootball#1,@Buckeye_Todd64,2020-07-08T18:01:37.000Z,"DECN Announces Distribution Agreement Covering GenViro! Covid-19:10.5 Swift Kits and Its GenUltimate and TGB Products in India, Malaysia, Sri Lanka, Singapore, Indonesia, Thailand, Vietnam, Nepal, Bangladesh and Australia #ChrisCuomo #AndrewCuomo #AndrewYang #AnthonyFauci ???"
,@ChristenPush,2020-07-08T17:07:55.000Z,"I love how Trump always use European countries when talking about something. Asian countries managed to handle Covid-19 well too, Malaysia has 93% recovery rate."
hussein,@zhusseinm,2020-07-08T16:14:12.000Z,"My aunt told me in order for Malaysia to be marked as COVID-19 free, then local case/kes tempatan has to maintain 0 for 28 days and I think that‚Äôs a pretty cool."
Ds Sourav,@TheDsSourav,2020-07-08T15:30:34.000Z,Malaysian authorities on Tuesday launched an investigation into a TV documentary by Qatari state-owned broadcaster Al Jazeera on the alleged mass arrests of migrant workers in Malaysia during coronavirus disease (COVID-19) lockdowns.
unreachable ‚Ñ¢,@hommeandfree,2020-07-08T14:59:00.000Z,"Ordered some rare shit from
Malaysia May 12 why it‚Äôs just now made it to Chicago. Fuck COVID"
Dr Hafsah Sazali,@hafsah_sazali,2020-07-08T14:49:38.000Z,"Linking the lockdown and public health measures in Malaysia with racism is an insult to the hard work done by KKM and the Malaysian government to curb Covid-19.

I stand behind 
@DGHisham
 and our healthcare workers."
RENATO LACERDA,@renatol17664709,2020-07-08T14:09:18.000Z,"$DECN DECN Announces Distribution Agreement Covering GenViro! Covid-19:10.5 Swift Kits and Its GenUltimate and TGB Products in India, Malaysia, Sri Lanka, Singapore, Indonesia, Thailand, Vietnam, Nepal, Bangladesh and Australia
Accesswire"
Barry Chan Kong Heng,@barrychan889,2020-07-08T13:00:23.000Z,"Latest Status COVID-19 of Malaysia on July 08, 2020

Total Active Cases: 70 (New Cases: 3)

Total ICU Cases: 2 (Intubated: 1)

Total Recovered Cases: 8486 (New Recovered Cases: 5)

Total Deaths: 121 (New Deaths: 0)

Total Confirmed Cases: 8677"
Kenneth Chin,@prkenneth,2020-07-08T10:40:38.000Z,Huge CONGRATULATIONS & WELL DONE to Dr. Noor Hisham Abdullah & his team from the Ministry of Health for helping the nation to flatten the curve & minimise the spread of COVID-19 in Malaysia. It feels like the best country to live in at this point... but we must not drop the ball
TheMalaysianInsight,@msianinsight,2020-07-08T09:58:57.000Z,"JUST IN: Malaysia's #Covid_19 death toll remains at 121.
* 5 discharged, total now is 8,486
* 3 new cases, total now is 8,677
* 70 active cases
* 2 in ICU, 1 on ventilator"
Khadi,@khudeejuh,2020-07-08T05:29:34.000Z,"Covid cases in malaysia is improving so much, only 1-6 new cases everyday? yeahhhh we got this"
Capt Sanjay Prashar,@PrasharSdp,2020-07-08T01:44:20.000Z,"Malaysia Crew change
* Agent need 5 days Notice.
* No Hotel stay permitted.
* All crew must directly be transported from KLIA ‚Äì Port / Port ‚Äì KLIA
* Crew MUST carry out COVID Test at home country (preferably from Government Hospital) & recognised by Malaysian Ministry of Health"
sw.,@shuweineoh,2020-07-08T01:25:08.000Z,saw stuff saying how Malaysia has potentially one of the best methods to handle the covid situation. I'm actually genuinely proud of this lesgo #malaysia
Miss Kampong,@MissKampong,2020-07-07T17:02:08.000Z,"He is an exceptional leader in fighting Covid-19 in Malaysia. He is one of the prominent leading doctors in the world that dedicates to clinical research of COVID. And yet people labeling him...? I wish you all the best 
@DGHisham
 May Allah protect and grant you strength. Ameen."
Dai' Luas,@FarisJumaat_,2020-07-07T16:51:27.000Z,"Qatar slavery for world cup 2022
""Woke"" people: ...
Immigrants held captive in Malaysia supplied with 3 times a day meal and free medical check up after illegally entering our country and risk of deadly covid
""Woke"" people: this is injustice and xenophobe. They are also human."
Icam,@alhixham,2020-07-07T14:44:00.000Z,"They must be mad or stupid or dumb, trying to argue with the one that's saved Malaysia from covid."
‡∏≠‡∏†‡∏¥‡∏ç‡∏ç‡∏≤,@thefikrey,2020-07-07T12:58:27.000Z,"Australia has surpassed Malaysia in COVID ranking as of today.Please remember my dearest Malaysians, Australia did well for the past weeks with a single digit case daily. But due to the carelessness, they are now recording three digit cases daily again. Our fight is still ongoing"
Blue,@PurposeDeluxeEd,2020-07-07T11:55:23.000Z,"I won't argue against someone who works hard to contain Covid-19 in Malaysia. You know what, if not for him, i don't think you guys are able to tweet things like cancelled or anything rn. We might be like indo or s'pore with tens of thousands of cases. So nope. He's not cancelled"
Barry Chan Kong Heng,@barrychan889,2020-07-07T11:26:57.000Z,"Latest Status COVID-19 of Malaysia on July 07, 2020

Total Active Cases: 72 (New Cases: 6)

Total ICU Cases: 2 (Intubated: 2)

Total Recovered Cases: 8481 (New Recovered Cases: 5)

Total Deaths: 121 (New Deaths: 0)

Total Confirmed Cases: 8674"
TheMalaysianInsight,@msianinsight,2020-07-07T09:11:09.000Z,"JUST IN: Malaysia's #Covid_19 death toll remains at 121.
* 5 discharged, total now is 8,481
* 6 new cases, total now is 8,674
* 72 active cases
* 2 in ICU and on ventilators"
IQI Global,@IQIGlobal,2020-07-07T08:47:45.000Z,"As of 7th of July, Bank Negara Malaysia has decided to reduce the Overnight Policy Rate (OPR) by 25 basis points to 1.75% - saying the impact of the COVID-19 pandemic on the global economy is severe.

But as homeowners, how does it affect housing loans? "
Shi Hao Hong,@shihaohong,2020-07-07T07:49:58.000Z,"My grandmother is terminally ill in Malaysia. My uncle, now a US citizen, is not able to visit her due to COVID-19 travel restrictions. Last year, while I was still working in the U.S., my grandfather passed away and we were not able to be there for his final moments. (1/?)"
ilham,@hamrosman,2020-07-07T07:08:56.000Z,jk please pray i get a negative for covid i need to go back to malaysia
Pyqa,@Shafiqah93,2020-07-07T05:41:08.000Z,Ungrateful selfish bastard!!! Malaysia gov literally gave u free food and meds...our healthcare frontliners were working hard to ensure even the migrant workers were safe from covid 19 and this is how u repay us?? Fuck off dat bastards and Al Jazeera
Nadeera M.,@nadeeers,2020-07-07T04:04:01.000Z,The Al Jazeera doco on malaysia handling covid really pissed me off. This aussie dude is commenting on how msi deals with ILLEGAL immigrants... have u seen how your country or the rest of the western world does it?
COVIDBot,@COVID19_bot,2020-07-07T03:35:01.000Z,"Total COVID-19 tests performed in Malaysia: 810057. 8,668 cases, of those 0 today; 121 deaths, of those 0 today."
Iman Said,@ElBaconStripz,2020-07-06T16:18:46.000Z,I want to shop in Malaysia again pls I‚Äôm in love with the shirt I bought there before covid
Md. Ramadzan Amir.,@MdRamadzanAmir,2020-07-06T15:40:14.000Z,The Malaysia's government should put the sanction on the trade & product against the US due to the COVID-19 issue which were still serious in the US.
Farah,@faraharu27,2020-07-06T15:33:50.000Z,#AlJazeera has a lot to explain on their 'superficial' facts in filming their Covid-19 video on Malaysia featuring the immigrants. The harsh facts are hushed as it features our Malaysian's frontliners hardwork trying to get them following the conditions of a lockdown.
,@suesumbira,2020-07-06T15:23:21.000Z,"so funny when malaysia has provided a good hospitality to illegal migrants before but when covid-19 hits us and we want to take extra care of our nations, then the whole world barking at us like shit."
nona manis,@nyonyasalina,2020-07-06T15:11:57.000Z,I don't care. I think Malaysia did a really good job at handling the illegal immigrants during covid. Kudos to those involved
Kwan Ann Tan ÈôàÂÜ†ÂÆâ,@KwanAnnTan,2020-07-06T12:19:17.000Z,malaysia has a lower covid count than the UK but we're still forced to self-isolate for 2 weeks upon arrival... make it make sense u clowns
siwon refilled his sanitizer,@_miadanial,2020-07-06T12:03:18.000Z,The World Bank is predicting Malaysia as one of the earliest countries to recover economically after the COVID-19 pandemic compared to other Asian countries and developed countries
Barry Chan Kong Heng,@barrychan889,2020-07-06T11:45:45.000Z,"Latest Status COVID-19 of Malaysia on July 06, 2020

Total Active Cases: 71 (New Cases: 5)

Total ICU Cases: 2 (Intubated: 2)

Total Recovered Cases: 8476 (New Recovered Cases: 11)

Total Deaths: 121 (New Deaths: 0)

Total Confirmed Cases: 8668"
TheMalaysianInsight,@msianinsight,2020-07-06T09:39:41.000Z,"JUST IN: Malaysia's #Covid_19 death toll remains at 121.
* 11 discharged, total now is 8,476
* 5 new cases, total now is 8,668
* 71 active cases
* 2 in ICU and on ventilators"
The Edge Malaysia,@theedgemalaysia,2020-07-06T09:35:04.000Z,Flash: Covid-19: Malaysia reports five new cases today against 11 recoveries
Julio Romo,@twofourseven,2020-07-06T08:23:22.000Z,"Aaah, yes 5am wake-up 
for 6am for workshop with #Comms and Policy people across timezones in Malaysia 
, Thailand 
and UAE 
. 
I'm normally on a plane for this, but, alas, COVID has locked us down. Still, on tech for this! "
People's Voice,@pilihanrakyat,2020-07-06T08:21:34.000Z,"The 
@imigresenmy
 and 
@SKMM_MCMC
 must revoke the immigration and journalist pass issued to AlJazeera‚Äôs reporters, journalists who produced a documentary about Covid-19‚Äôs lockdown in Malaysia that was favtually wrong, biased and promoting illegal migrations."
"MHY, P.Tech, Ph.D",@akarbina,2020-07-06T06:36:34.000Z,"Aljazeera 
@AJENews
 has been covering reports on covid 19 in Israel in USA in Itali in Brazil. In Malaysia suddenly the news agency became not credible, owned by Jewish,based in Qatar but owned by American. Gosh.."
"hisa
pspsps („Å•Ôø£ ¬≥Ôø£)„Å•",@xhisa12,2020-07-06T06:31:19.000Z,"they're just jealous cuz Malaysia is winning on handling covid-19, how dare they speak bad bout us"
Misz Anne,@HannieyLevine,2020-07-06T05:06:10.000Z,"Dear people all around the world, please don‚Äôt trust Al Jazeera channel news regarding of Malaysia‚Äôs Lockdown, it is untrue, Malaysia never discriminate foreigners against COVID-19."
Don Libao,@Don_Libao,2020-07-05T14:40:41.000Z,"It's impressive how Malaysia, Vietnam, Cambodia, and Thailand are managing their covid cases way down. These are people who have behaviors similar to ours but I guess I'm wrong. They are more disciplined for sure."
trstdtravlr,@trstdtravlr,2020-07-05T13:28:14.000Z,"fact Covid-19: Discussions for Malaysia to reopen international borders still in progress, says senior minister"
George Putong,@George_Putong,2020-07-05T12:11:58.000Z,"Covid-19 cases as of today (SE Asia)
- Indonesia 63,749
- Singapore 44,800
- Philippines 44,254
- Malaysia 8,663
- Thailand 3,190"
trstdtravlr,@trstdtravlr,2020-07-05T12:08:59.000Z,"Malaysia reports 5 new COVID-19 cases, discussions ongoing on easing border control"
trustedtraveller,@trustdtravelr,2020-07-05T11:58:13.000Z,"Covid-19: Discussions for Malaysia to reopen international borders still in progress, says senior minister"
Daud Vicary Abdullah,@DavidVicary,2020-07-05T10:36:12.000Z,Today‚Äôs rankings on the Global COVID 19 index response and recovery out of 180 countries #6 Malaysia #49 Singapore #120 USA and #163 U.K. one has to s as uedtion the wisdom of opening up in the UK and USA
Fariz,@AizadFariz,2020-07-05T10:29:36.000Z,"Create fake news about how government of Malaysia handle covid 19 cases.Then get attack by Malaysian. Don't play-play with our onion army. 
 

#shameonyouAlJazeera 
#AlJazeera 
#boycottAljazeera 
#FakeNewsMedia"
rsk-2,@amirazril_,2020-07-05T09:48:41.000Z,other countries with higher number of covid-19 cases be busy condemning Malaysia yet their country is.......... emmm you know
The Edge Malaysia,@theedgemalaysia,2020-07-05T09:21:04.000Z,Flash: Malaysia reports five new Covid-19 cases as at 12 noon today
TheMalaysianInsight,@msianinsight,2020-07-05T09:16:48.000Z,"JUST IN: Malaysia's #Covid_19 death toll remains at 121.
* 4 discharged, total now is 8,465
* 5 new cases, total now is 8,663
* 77 active cases
* 2 in ICU and on ventilators"
Alfredo,@xalfredoxG,2020-07-05T07:54:54.000Z,The Aljazeera documentary about Malaysia handling covid 18 cases is so one sided basically just saying all the negative things. Of course the migrant worker deserve human rights even though they came illegally (some). But the main concern is to control the covid 19 lol.
Tan Seng Giaw,@Senggiaw,2020-07-05T03:38:12.000Z,"No new cases of Covid-19? Although Health Ministry prayed that Malaysia would have no new cases, there were 10 yesterday (total 8,658 cases): 7 imported and 3 local--1 non-citizen. We cannot see virus, only patients. Continue with preventive measures and surveillance."
A,@merehuman_,2020-07-04T17:08:22.000Z,"Thank you so much 
@hf_dreamcatcher
  after covid end hope we can see you guys in person again .. please come to Malaysia again! "
suha,@nasuhamokhtar_,2020-07-04T14:33:00.000Z,From 2K++ to 76 active covid cases in Malaysia today 
kat,@cardcaptorkat,2020-07-04T12:50:38.000Z,"sooo over here in malaysia, we‚Äôve counted 121 deaths from covid so far and the ‚Äúgreatest nation in the world‚Äù has counted.. 132 THOUSAND deaths? and it just keeps rapidly increasing at an alarming rate??? fuck u lot doing over there the numbers are STAGGERING"
Sir Mick W,@SirMickW,2020-07-04T10:49:37.000Z,"#Malaysia back to double digit with 10 Covid-19 new cases, seven imported, population 30 Million. #Melbourne population 1.9 Million has 109. Well done Andrews , you ##ALP loser "
Barry Chan Kong Heng,@barrychan889,2020-07-04T09:49:08.000Z,"Latest Status COVID-19 of Malaysia on July 04, 2020

Total Active Cases: 76 (New Cases: 10)

Total ICU Cases: 2 (Intubated: 2)

Total Recovered Cases: 8461 (New Recovered Cases: 15)

Total Deaths: 121 (New Deaths: 0)

Total Confirmed Cases: 8658"
Khairi Isa,@KhairiBHAFC,2020-07-04T09:27:10.000Z,"Fun fact. Malaysia's COVID active cases(as of 4/7) is the same number as The Great Escape escapees(numbering 76) in WW2 at Stalag Luft III in 1944. In where 50 have been executed. The camp is now a tourist site at Zagan, Poland."
TheMalaysianInsight,@msianinsight,2020-07-04T09:03:18.000Z,"JUST IN: Malaysia's #Covid_19 death toll remains at 121.
* 15 discharged, total now is 8,461
* 10 new cases, total now is 8,658
* 76 active cases
* 2 in ICU and on ventilators"
Arcus,@MetManB,2020-07-04T04:38:30.000Z,We should sort our differences and shit out quickly and stand united against China. We‚Äôre awfully lax in midst of an approaching threat. We should take this Covid impact as an advantage of realigning our geopolitical interest away from China before its too damn late. #Malaysia
world matters,@SHARETH79363647,2020-07-04T02:13:09.000Z,Y malaysians (SOP)do not wear face masks@Sport Toto gambling outlets in Malaysia? Standard Operating Procedure(S.O.P) is for Stupid of People (SOP)!! Sports Toto Malaysia Sdn Bhd is full of Stupid of People (SOP)! #harimerdeka #snbtoken #borakkopitiam #Covid #japanm #Olympia
world matters,@SHARETH79363647,2020-07-04T01:47:10.000Z,"Malaysia STUPID country-A STUPID BASTARD educated Malaysian motorist VP 662,FAIL 2 use car headlights',drive recklessly,DIE FAST,GOOD 4 ECONOMY! #Sultan
#Chakra
#Teddy #borakkopitiam #Covid #japanm #Olympia #makan #ilmu #baca #SPAM #spmresult"
Mohamed yayah,@yayah_mohamed,2020-07-04T01:42:16.000Z,Congratulations to Malaysia for their wonderful and relentless efforts in fighting Covid-19. It's a huge success that deserves a merit.
Don 'unintentionally tweeting' Coyote,@MaisonGladys,2020-07-03T18:10:59.000Z,"Johnson, ""I've done a fantastic job""

UK 42,288 Covid deaths

Denmark 600

Italy 34,448

Germany 8,856

Poland 1,316

Japan 935

South Korea 280

Greece 188

Malaysia 121

Slovenia 108

Australia  102

#bbcaq  [Source FT 20 June] #c4news"
zachary,@zac_yrahcaz,2020-07-03T17:09:21.000Z,"Idk how Singapore has the audacity to classify Malaysia as a ""riskier"" country in terms of Covid-19 active cases. We only have 80 left, and it continues to plummet. Students mostly return two more weeks, which may observe a much more promising results. Couldn't comprehend at all."
Don 'unintentionally tweeting' Coyote,@MaisonGladys,2020-07-03T16:07:07.000Z,"World beating success Johnson style: 

UK 42,288 Covid deaths

Denmark 600

Italy 34,448

Germany 8,856

Poland 1,316

Japan 935

South Korea 280

Greece 188

Malaysia 121

Slovenia 108

Australia  102

#bbcpm  [Source FT - 20 June] #dailybriefing #bbcaq"
Anushia Lingam,@aneetadinesh,2020-07-03T15:45:18.000Z,Do I or don‚Äôt I send my kids back to UK? Malaysia has handled the covid 19 very well but Uk ?? It‚Äôs scary
Barry Chan Kong Heng,@barrychan889,2020-07-03T13:38:17.000Z,"Latest Status COVID-19 of Malaysia on July 03, 2020

Total Active Cases: 81 (New Cases: 5)

Total ICU Cases: 2 (Intubated: 2)

Total Recovered Cases: 8446 (New Recovered Cases: 9)

Total Deaths: 121 (New Deaths: 0)

Total Confirmed Cases: 8648"
c i n d y,@cindy_quah,2020-07-03T12:28:47.000Z,The experience of returning home to Malaysia: It took 2 hours before I was able to get tested for Covid and I‚Äôve been waiting for another 2 hours (still counting) to receive my results. Tip: travel light. You‚Äôll be standing for a looong time.
NewZealand1,@jackjon24063212,2020-07-02T22:25:29.000Z,"With a population of 21 million, Florida announced 10,109 new covid cases today. With a combined population of 2.6 billion, China, Japan, Korea, Vietnam, Thailand, Malaysia, Indonesia, the Philippines, Australia, and the European Union are averaging 6,760 new cases."
Ken Adair,@KenAdair1,2020-07-02T18:04:06.000Z,"With a population of 21 million, Florida announced 10,109 new covid cases today.

With a combined population of 2.6 billion, China, Japan, Korea, Vietnam, Thailand, Malaysia, Indonesia, the Philippines, Australia, & the European Union are averaging 6,760 new cases.

Wear a mask!"
"Marji Hope Esquire
#BidenHarris #WinTheSenate",@nuggetmommy,2020-07-02T17:24:13.000Z,"FL. has a population of 21 million and has 10,109 new covid cases today.
With a combined population of 2.6 billion, China, Japan, Korea, Vietnam, Thailand, Malaysia, Indonesia, the Philippines, Australia, and the EU are averaging 6,760 new cases. Florida continues to be pathetic."
Barbara Santana,@Barbara96913515,2020-07-02T16:33:54.000Z,"With a population of 21 million, Florida announced 10,109 new covid cases today.

With a combined population of 2.6 billion, China, Japan, Korea, Vietnam, Thailand, Malaysia, Indonesia, the Philippines, Australia, and the European Union are averaging 6,760 new cases. #END"
gracey,@finecanyons,2020-07-02T13:06:36.000Z,Malaysia only had 3 new covid cases today 
Don 'unintentionally tweeting' Coyote,@MaisonGladys,2020-07-02T12:20:37.000Z,"Every #wato should starting by a recap of the piss poor performance of Cummings-Johnson 'Gov'  
UK 42,288 Covid deaths
Denmark 600
Italy 34,448
Germany 8,856
Poland 1,316
Japan 935
Denmark 600
South Korea 280
Greece 188
Malaysia 121
Slovenia 108
Australia  102
[Source FT 20 June]"
hafiz.hamzonion,@HafizzuddinHam2,2020-07-02T10:48:59.000Z,"Boleh tak stop argue about who should school or not. Like bitch KPM already announce that malaysia is safe enough to start a school,just follow the SOP that has been set by the goverment la pantai. Sibuk keluarkan statement yang oh bila masuk je batch sekian¬≤ case covid meningkat"
jan‚Å∑,@tsuwundere_,2020-07-02T09:32:26.000Z,weeew malaysia only had 1 new case of covid yesterday
vee,@veemr_,2020-07-02T09:30:08.000Z,i realised if americans came to malaysia during covid they'd probably loose their minds since most shops require face masks for entry
Barry Chan Kong Heng,@barrychan889,2020-07-02T09:20:12.000Z,"Latest Status COVID-19 of Malaysia on July 02, 2020

Total Active Cases: 85 (New Cases: 3)

Total ICU Cases: 2 (Intubated: 2)

Total Recovered Cases: 8437 (New Recovered Cases: 62)

Total Deaths: 121 (New Deaths: 0)

Total Confirmed Cases: 8643"
ASEAS(UK),@ASEAS_UK,2020-07-02T09:08:47.000Z," @TriciaYeoh
 explaining situation in Malaysia: COVID-19 came against backdrop of political crisis, so there was little attention on coronavirus #aseasukcov19"
TheMalaysianInsight,@msianinsight,2020-07-02T09:08:12.000Z,"JUST IN: Malaysia's #Covid_19 death toll remains at 121.
* 62 discharged, total now is 8,437
* 3 new cases, total now is 8,643
* 85 active cases
* 2 in ICU, both on ventilators"
MYCGJeddah,@MYCGJeddah,2020-07-02T08:59:37.000Z,"COVID-19 ALERT - SPECIAL FLIGHT TO MALAYSIA ON 9 JULY 2020

The SAUDIA Airlines has CONFIRMED that it will operate another special flight for sector RUH-DMM-KUL on 9 July 2020."
aaron,@aaron_crispin,2020-07-02T08:56:02.000Z,"When Hollywood makes a Covid-19 movie, they better make Malaysia as a hero country. We are handling this pandemic like champions "
‚ô°,@divekschild,2020-07-02T08:35:21.000Z,So proud of how Malaysia has handled covid 19!! Zero cases today 
Afiz Elmi,@wakpizsme,2020-07-02T02:08:50.000Z,"If Hollywood wants to make a COVID-19 movie, they better put Malaysia as a hero country "
A N G E L I N E,@angeeelllyyy,2020-07-01T18:49:57.000Z,This is soo exciting to think that Malaysia is almost covid-19 free 
Don 'unintentionally tweeting' Coyote,@MaisonGladys,2020-07-01T18:13:35.000Z,"Johnson is #negligent

UK 42,288 Covid deaths

Denmark 600

Italy 34,448

Germany 8,856

Poland 1,316

Japan 935

South Korea 280

Greece 188

Malaysia 121

Slovenia 108

Australia  102

#c4news  [Source FT - 20 June]"
Kat Seagraves,@iamliterate,2020-07-01T16:12:21.000Z,"Oklahoma has more confirmed cases of COVID-19 than several countries. Let me name a few for ya: South Korea, Denmark, Morocco, Norway, Malaysia, Australia, Finland, Greece, Costa Rica, Croatia."
Kimberley Chong / KICHOLIZ,@kicholiz,2020-07-01T14:41:09.000Z,Only 1 new case of Covid-19 in the whole country of Malaysia today. Hopefully we will reach 0! It would be nice to live in a covid-free country.
Kaala - BRUNO,@KaneshBruno,2020-07-01T14:38:57.000Z,"Today, Malaysia recorded ONE Positive Covid-19 case..
Bravo Malaysia.. THANKS TO PEOPLE, GOVERNMENT, POLITICIAN and FRONT LINERS!!!#‡Æö‡Æ§‡Øç‡Æ§‡Æø‡ÆØ‡ÆÆ‡Ææ_‡Æµ‡Æø‡Æü‡Æµ‡Øá_‡Æï‡ØÇ‡Æü‡Ææ‡Æ§‡ØÅ"
Linkesh Jps,@LinkeshJps,2020-07-01T13:50:50.000Z,Only one new case of Covid-19 on 1 July 2020 in Malaysia
st blksh rsln,@kshrsln,2020-07-01T12:45:12.000Z,"the covid situation is further complicating many facets of my life. stuck in europe, needing to go back to malaysia, to move to china. timing is incredibly..dont have the words for it. the stress is real."
Alvin Chong,@Alvinchong123,2020-07-01T12:09:29.000Z,For the very first time. 0 covid cases in Malaysia 
Yuni || on #PAGE #IYAH,@yuni_ryuni,2020-07-01T12:06:12.000Z,"Malaysia report only 1 Covid case today and it is an imported case (Malaysian coming back from Turki). First day of zero local case and I sure do hope this continue. And for Malaysian, this is not a pass to be too lax. Be vigilant and keep 3W and avoid 3C. Remember."
Barry Chan Kong Heng,@barrychan889,2020-07-01T11:52:03.000Z,"Latest Status COVID-19 of Malaysia on July 01, 2020

Total Active Cases: 144 (New Cases: 1)

Total ICU Cases: 4 (Intubated: 2)

Total Recovered Cases: 8375 (New Recovered Cases: 21)

Total Deaths: 121 (New Deaths: 0)

Total Confirmed Cases: 8640"
Kim‚Å∑,@thekithkimline,2020-07-01T11:48:29.000Z,Today Malaysia reported only ONE covid-19 case 
Fazleen Zainal,@fazleen77,2020-07-01T11:46:47.000Z,"Alhamdulillah, two good news in Malaysia today :
- No new local COVID 19 case 
- School is to reopen in 2 weeks. 
Praying for a better situation in Malaysia and the whole world."
Bella Tan,@tanbella11,2020-07-01T11:27:22.000Z,"The National Security Council (NSC) said the developer of the MySejahtera App, the federal government's official tool to track the spread of Covid-19, is an international company with Malaysian roots.
#Malaysia #News #Politics"
Don 'unintentionally tweeting' Coyote,@MaisonGladys,2020-07-01T11:13:55.000Z,"Johnson's idea of a huge success - so, so huge - the hugest ...

UK 42,288 Covid deaths

Denmark 600

Italy 34,448

Germany 8,856

Poland 1,316

Japan 935

South Korea 280

Greece 188

Malaysia 121

Slovenia 108

Australia  102

#wato   [Source FT 22 June] #PMQs

#politicslive"
tukang karrut,@sinach_z,2020-07-01T09:35:12.000Z,We are winning this COVID. Good job Malaysia
,@whoyouqueen,2020-07-01T08:35:08.000Z,I think Malaysia‚Äôs the only country who did a great job in dealing with COVID-19. 
COVIDBot,@COVID19_bot,2020-07-01T07:50:03.000Z,"Total COVID-19 tests performed in Malaysia: 659,632. 8,639 cases, of those 0 today; 121 deaths, of those 0 today."
Lyn Yuen Choo,@lynyuen19,2020-07-01T05:17:15.000Z,Proud in the way Malaysia is handling the COVID - only 2 new cases in the entire country and no deaths for the 16th day. Wishing there was better leadership in the US.
~ Lily Travelholic ~,@lilyriani,2020-07-01T04:56:52.000Z,"Aquaria KLCC during RMCO

 I‚Äôm gonna tell you my experience visiting Aquaria KLCC, Malaysia during Covid-19 MCO period. I have to say, they were pretty thorough (they have too lah‚Ä¶ as their attraction is located indoor and in an enclosed area).

#LilyXaquariaKLCC"
Lya,@dellylya,2020-07-01T04:18:17.000Z,"Just hoping Malaysia doesn't have Covid-19 for the second wave if not it could be worst
."
Ram Ahgir,@RamAhgir2,2020-07-01T03:56:43.000Z,"Malaysia is in talks with S'pore to reopen the causeway.
S'poreans could enter the country without getting prior approval or to undergo Covid-19 screening and home quarantine.
On condition that Malaysians would be accorded the same privileges by the S'pore govt."
Lee Hui Seng,@leehuiseng,2020-07-01T03:49:48.000Z,"Today 1Jul is 1st day of 2nd half of 2020.First half 2020 was marked by 2 events ie Covid&Malaysia change Govt.2nd half 2020 see recovery of Covid that allows travel.Not forgetting also,on 3Nov at US Presidential Election,the world likes to see a change of President to Joe Biden."
Lee Hui Seng,@leehuiseng,2020-07-01T03:46:13.000Z,"STAR NW Today 1July is first day of second half of 2020.First half of 2020 was marked by two dramatic events ie.raging worldwide Covid crisis and Malaysia's change of Govt.Hopefully,2nd half 2020 will see worldwide recovery of Covid crisis that allows worldwide travel."
Malaysian Chinese LAST VOTE GE11,@bigbosscamelia,2020-07-01T02:22:11.000Z,"Y LAZY & STUPID BASTARD policemen and politicians  in Uganda,India,Iran,Germany,China,Indonesia, USA,UK, Kenya,etc, FAIL 2 catch all PIMPs & HUMAN TRAFFICKERs gangs who spread COVID 19 virus?  #HapusCOVID19 #malaysia #usa #frontlace #frontalwigs #closurewigs #613bundles #deepwave"
ecofren camelia,@yehenaracameli1,2020-07-01T02:17:12.000Z,"""orang sakit"" Malaysians stay home,cannot go out at all. Dear covid 19 virus,pls infection & kill ""orang sakit"" in Malaysia  #loveyourself #beautystandards #simpleskin #facemasksheet #myskincareroutine #cleanser #facemasksandfilters #multimasking #onlinecasino #ipoh #melaka"
Malaysian Chinese LAST VOTE GE11,@bigbosscamelia,2020-07-01T02:16:18.000Z,"KARMA-VIRUS. Dear covid 19 virus,please kill all people who are PIMPs and HUMAN TRAFFICKERs of 196 countries-they trafficking women,men and children since year 1900-2020 #foodporn #food #dinner #instafood #makingof #basejump #redbullkuwait #malaysia #kuwait #joker #dreamcametrue"
ecofren camelia,@yehenaracameli1,2020-07-01T02:01:36.000Z,"#palepazfalls #stayhomestaysafe #covid #stayhome
 #coronavirus #coronavirustips #corona  What is wrong with Malaysians roads(March-June 2020)2 many potholes everywhere,roadside DUMPSITEs with rubbish,broken DARK street lamps,ROOF bus stop holes-Malaysia NEW GOVT,same shit country!"
ecofren camelia,@yehenaracameli1,2020-07-01T02:00:55.000Z,"What is wrong with Malaysians roads(March-June 2020)2 many potholes everywhere,roadside DUMPSITEs with rubbish,broken DARK street lamps,ROOF bus stop holes-Malaysia NEW GOVT,same shit country!#caremongering #mississaugarestaurants #covid #donmillsrestaurants #water #all"
Malaysian Chinese LAST VOTE GE11,@bigbosscamelia,2020-07-01T00:53:42.000Z,"Malaysia STUPID country-A STUPID BASTARD 'anak anak PEMBULI jalan raya' educated Malaysian motorist,V 8281,FAIL 2 use car headlights',drive recklessly,DIE FAST,GOOD 4 ECONOMY #American #WearYourMaskFL #parenting #mom #Covid_19 #coronavirus #Plandemic #horror #Amwriting"
Malaysian Chinese LAST VOTE GE11,@bigbosscamelia,2020-07-01T00:52:04.000Z,"Malaysia STUPID country-A STUPID BASTARD 'anak anak PEMBULI jalan raya' educated Malaysian motorist,V 8281,FAIL 2 use car headlights',drive recklessly,DIE FAST,GOOD 4 ECONOMY#Covid_19 #coronavirus #Plandemic #horror #Amwriting #CoPromos2 #coronavirus #COVID19 #WearAMask
 #Florida"
